cutoff,technology,nonzeros,potential_energy_gwh,maximum_annual_hourly_link_span
1e-06,dpv,68058962,2242483.654338647,1824445798.6125784
1e-06,offwind,7641254,8985949.177567197,1332057.1981644738
1e-06,onwind,53693715,18297738.753443744,1181475.5459814423
1e-06,ror,8551248,126328.62140138031,2576090454.2787695
1e-06,upv,48381913,65100716.175346814,1824445798.6125784
1e-06,wave,5870451,17558112.410347816,49393.481683377664
0.0001,dpv,68021354,2242483.4222624423,20881499.215882815
0.0001,offwind,7641254,8985949.177567197,1332057.1981644738
0.0001,onwind,53693715,18297738.753443744,1181475.5459814423
0.0001,ror,8290188,126327.74196222541,41276621.92319221
0.0001,upv,48355520,65100711.18534545,20722961.903540537
0.0001,wave,5870451,17558112.410347816,49393.481683377664
0.001,dpv,67692678,2242460.8474230664,2109607.079505647
0.001,offwind,7641254,8985949.177567197,1332057.1981644738
0.001,onwind,53693715,18297738.753443744,1181475.5459814423
0.001,ror,7662861,126303.7236804996,5190538.817323123
0.001,upv,48124506,65100239.402778015,2104545.1933998996
0.001,wave,5870451,17558112.410347816,49393.481683377664
0.005,dpv,66460492,2242007.877530202,429114.806540583
0.005,offwind,7631734,8985846.472729076,1184595.3662823003
0.005,onwind,53693352,18297738.618468717,1078897.2603403921
0.005,ror,6658542,126074.43284370747,1025461.4703616848
0.005,upv,47258999,65090889.18237457,419313.3760035683
0.005,wave,5870451,17558112.410347816,49393.481683377664
0.01,dpv,65227494,2240822.834014808,213107.02895671286
0.01,offwind,7545773,8984360.792348301,592037.0563789948
0.01,onwind,53689872,18297736.71975823,539281.8171874001
0.01,ror,6018522,125634.49646913684,545261.6463094025
0.01,upv,46396655,65067520.98794523,209412.9991500409
0.01,wave,5870451,17558112.410347816,49393.481683377664
