probe,source,state,hours,start,coefficient_min,coefficient_max,matrix_span,objective_min,objective_max,min_bound,max_bound,runtime_seconds,barrier_iterations,basis_revalidation,kappa_estimate,objective,raw_row_violation,bound_violation,dual_violation,strict_acceptance,status
cleaned_nf2_168h_s0_cross2_annual_bounds_carbon_units_v7,supplementary_materials/reviews/numeric_doublecheck_20260913/probes/cleaned_nf2_168h_s0_cross2_annual_bounds_carbon_units_v7/result.json,REJECTED_TRIAL,168,0,0.0006090764641496,168.0,275827.43692873383,0.001,3853.189875762917,1.0186e-05,18482.41654,631.3460001945496,147,False,5424315558.461876,2172460.786350234,8.180478146586526e-07,3.505919205679939e-07,9.731857076687852e-07,True,2
cleaned_nf2_168h_s0_cross2_annual_bounds_final_v8,supplementary_materials/reviews/numeric_doublecheck_20260913/probes/cleaned_nf2_168h_s0_cross2_annual_bounds_final_v8/result.json,FINAL,168,0,3.699999999999999e-05,168.0,4540540.5405405415,0.001,3853.189875762917,1.0186e-05,18482.41654,0.6809999942779541,0,True,87512294.80424704,2172460.786351292,9.227073255688358e-07,4.5019916916360706e-07,9.731857077193633e-07,True,2
cleaned_nf2_168h_s0_cross2_annual_bounds_no_dac_v6,supplementary_materials/reviews/numeric_doublecheck_20260913/probes/cleaned_nf2_168h_s0_cross2_annual_bounds_no_dac_v6/result.json,COMPARISON,168,0,3.699999999999999e-05,168.0,4540540.5405405415,0.001,3853.189875762917,1.0186e-05,18482.41654,597.7990000247955,143,False,87512294.80424641,2172460.7863512915,9.227073255688663e-07,4.501991691636076e-07,9.73185707131563e-07,True,2
cleaned_nf2_168h_s0_cross2_annual_bounds_simplified_v5,supplementary_materials/reviews/numeric_doublecheck_20260913/probes/cleaned_nf2_168h_s0_cross2_annual_bounds_simplified_v5/result.json,COMPARISON,168,0,3.699999999999999e-05,6249.999999999999,168918918.91891894,0.001,3853.189875762917,1.0186e-05,18482.41654,547.9430000782013,140,False,3658300863.323059,2172460.7863506936,9.041080926157196e-07,3.502443467919366e-07,9.72298902762259e-07,True,2
cleaned_nf2_24h_s0_cross2_annual_bounds_carbon_units_v7,supplementary_materials/reviews/numeric_doublecheck_20260913/probes/cleaned_nf2_24h_s0_cross2_annual_bounds_carbon_units_v7/result.json,REJECTED_TRIAL,24,0,0.0006090764641496,100.0,164182.99817186536,0.001,3853.189875762917,7.85753411585315e-06,18482.41654,28.555000066757202,99,False,448353.1952374235,2122268.067891834,1.4173846124565515e-11,4.879208148622638e-12,4.588046991216288e-07,True,2
cleaned_nf2_24h_s0_cross2_annual_bounds_no_dac_v6,supplementary_materials/reviews/numeric_doublecheck_20260913/probes/cleaned_nf2_24h_s0_cross2_annual_bounds_no_dac_v6/result.json,COMPARISON,24,0,3.699999999999999e-05,24.0,648648.6486486488,0.001,3853.189875762917,7.85753411585315e-06,18482.41654,30.824000120162964,93,False,23308585.443048123,2122268.0678917365,1.1368683772161603e-11,4.879208148622638e-12,4.588046991216288e-07,True,2
cleaned_nf2_24h_s0_cross2_annual_bounds_simplified_v5b,supplementary_materials/reviews/numeric_doublecheck_20260913/probes/cleaned_nf2_24h_s0_cross2_annual_bounds_simplified_v5b/result.json,COMPARISON,24,0,3.699999999999999e-05,6250.0,168918918.91891897,0.001,3853.189875762917,7.85753411585315e-06,18482.41654,40.14699983596802,143,False,369328.40870992135,2122268.067890815,3.042899265892629e-11,4.924505248027344e-12,9.743787998672815e-10,True,2
cleaned_nf2_24h_s0_cross2_annual_bounds_spill_floor_v4,supplementary_materials/reviews/numeric_doublecheck_20260913/probes/cleaned_nf2_24h_s0_cross2_annual_bounds_spill_floor_v4/result.json,COMPARISON,24,0,3.699999999999999e-05,6250.0,168918918.91891897,1e-06,3853.189875762917,5.5e-07,18482.41654,40.4539999961853,111,False,,2122241.158051887,1.77351466845721e-11,4.924505248027344e-12,9.999999999732445e-07,True,2
cleaned_nf2_24h_s3960_cross2_annual_bounds_final_v8,supplementary_materials/reviews/numeric_doublecheck_20260913/probes/cleaned_nf2_24h_s3960_cross2_annual_bounds_final_v8/result.json,FINAL,24,3960,3.699999999999999e-05,24.0,648648.6486486488,0.001,3853.189875762917,7.85753411585315e-06,18482.41654,24.842999935150146,88,False,875961.1499946145,2134775.3913311474,2.9611868512802175e-11,6.111777750561487e-12,4.766574690506786e-09,True,2
cleaned_nf2_24h_s3960_cross2_annual_bounds_summer_v7,supplementary_materials/reviews/numeric_doublecheck_20260913/probes/cleaned_nf2_24h_s3960_cross2_annual_bounds_summer_v7/result.json,REJECTED_TRIAL,24,3960,0.00012253458576502534,100.0,816096.1199294532,0.001,3853.189875762917,7.85753411585315e-06,18482.41654,40.562000036239624,119,False,349649.42724618013,2134775.391331148,1.2292389328649733e-11,6.069367231020806e-12,7.4997814181188e-08,True,2
cleaned_nf2_168h_s0_cross2_annual_bounds_spill,supplementary_materials/reviews/numeric_resolution_20260913/probes/cleaned_nf2_168h_s0_cross2_annual_bounds_spill/result.json,COMPARISON,168,0,3.699999999999999e-05,6249.999999999999,168918918.91891894,1e-06,3853.189875762917,5.5e-07,18482.41654,1115.2749998569489,172,False,,2172393.3675274737,9.407146467084128e-07,4.1374981517885834e-07,4.338526247149588e-07,True,2
cleaned_nf2_24h_s0_cross2_annual_bounds_spill,supplementary_materials/reviews/numeric_resolution_20260913/probes/cleaned_nf2_24h_s0_cross2_annual_bounds_spill/result.json,COMPARISON,24,0,3.699999999999999e-05,6250.0,168918918.91891897,1e-06,3853.189875762917,5.5e-07,18482.41654,36.96300005912781,139,False,,2122241.1580514926,1.7280399333685637e-11,5.5706550483591855e-12,9.999999999732445e-07,True,2
