technology,id,floor_gw,potential_gw,old_flh
ror,HydroCHN_00914,0.0,0.039,0.6733377164928243
ror,HydroCHN_01371,0.0,0.0181,0.1701995100011117
ror,HydroCHN_00454,0.109,0.109,0.209807805949822
ror,HydroCHN_00157,0.0,0.42,2.897596196969971
ror,HydroCHN_00737,0.06,0.06,1.0538628697395325
ror,HydroCHN_01323,0.0,0.02,1.8337020135950295
ror,HydroCHN_00434,0.0,0.12,0.3526949268125463
ror,HydroCHN_00280,0.2,0.2,0.0130320558091625
ror,HydroCHN_00298,0.18,0.18,1.1648339733364992
ror,HydroCHN_00727,0.0,0.055,1.82501666675671
