province_code,technology,capacity_floor_mtpa,capacity_mtpa,new_capacity_mtpa,capture_mtco2,selected_horizon_capture_mtco2,annualized_capture_rate_mtpa,selected_horizon_capture_upper_mtco2,annual_flow_scaling_factor,guard_mtpa,guard_utilization
11,koh_b,0.0,2.763299011597266e-10,2.763299011597266e-10,2.763299011597266e-10,2.763299011597266e-10,2.763299011597266e-10,2.763299011597266e-10,1.0,1697.2799999994454,1.6280749267051805e-13
11,koh_cl,0.0,8.136746522410907e-12,8.136746522410907e-12,8.136746522410907e-12,8.136746522410907e-12,8.136746522410907e-12,8.136746522410907e-12,1.0,11101.39534883359,7.329480904637655e-16
11,mgo_am,0.0,1.120013762200148e-10,1.120013762200148e-10,1.120013762200148e-10,1.120013762200148e-10,1.120013762200148e-10,1.120013762200148e-10,1.0,11714.355828217038,9.561035865944134e-15
11,ssor,0.0,2.3204909812501057e-12,2.3204909812501057e-12,2.3204909812501057e-12,2.3204909812501057e-12,2.3204909812501057e-12,2.3204909812501057e-12,1.0,7777.759674131879,2.9834953488828506e-16
12,koh_b,0.0,9.949927872013023e-11,9.949927872013023e-11,9.949927872013023e-11,9.949927872013023e-11,9.949927872013023e-11,9.949927872013023e-11,1.0,1697.2799999994454,5.862278393674746e-14
12,koh_cl,0.0,4.3954366655644455e-09,4.3954366655644455e-09,4.3954366655644455e-09,4.3954366655644455e-09,4.3954366655644455e-09,4.3954366655644455e-09,1.0,11101.39534883359,3.9593551327998316e-13
12,mgo_am,0.0,4.8877397833289575e-09,4.8877397833289575e-09,4.8877397833289575e-09,4.8877397833289575e-09,4.8877397833289575e-09,4.8877397833289575e-09,1.0,11714.355828217038,4.1724358172180324e-13
12,ssor,0.0,2.340408941380803e-12,2.340408941380803e-12,2.340408941380803e-12,2.340408941380803e-12,2.340408941380803e-12,2.340408941380803e-12,1.0,7777.759674131879,3.009104214372668e-16
13,koh_b,0.0,5.799760455517283e-11,5.799760455517283e-11,5.799760455517283e-11,5.799760455517283e-11,5.799760455517283e-11,5.799760455517283e-11,1.0,1697.2799999994454,3.417091143193332e-14
13,koh_cl,0.0,4.69179452344293e-09,4.69179452344293e-09,4.69179452344293e-09,4.69179452344293e-09,4.69179452344293e-09,4.69179452344293e-09,1.0,11101.39534883359,4.226310635748948e-13
13,mgo_am,0.0,2.4593536508105704e-10,2.4593536508105704e-10,2.4593536508105704e-10,2.4593536508105704e-10,2.4593536508105704e-10,2.4593536508105704e-10,1.0,11714.355828217038,2.099435672669755e-14
13,ssor,0.0,2.352074914966441e-12,2.352074914966441e-12,2.352074914966441e-12,2.352074914966441e-12,2.352074914966441e-12,2.352074914966441e-12,1.0,7777.759674131879,3.02410335818067e-16
14,koh_b,0.0,1.6346156360040943e-09,1.6346156360040943e-09,1.6346156360040943e-09,1.6346156360040943e-09,1.6346156360040943e-09,1.6346156360040943e-09,1.0,1697.2799999994454,9.630795366731644e-13
14,koh_cl,0.0,7.731822450884714e-12,7.731822450884714e-12,7.731822450884714e-12,7.731822450884714e-12,7.731822450884714e-12,7.731822450884714e-12,1.0,11101.39534883359,6.964730295545313e-16
14,mgo_am,0.0,7.471232541220163e-12,7.471232541220163e-12,7.471232541220163e-12,7.471232541220163e-12,7.471232541220163e-12,7.471232541220163e-12,1.0,11714.355828217038,6.377843264094623e-16
14,ssor,0.0,2.342914684224885e-12,2.342914684224885e-12,2.342914684224885e-12,2.342914684224885e-12,2.342914684224885e-12,2.342914684224885e-12,1.0,7777.759674131879,3.0123258912424433e-16
15,koh_b,0.0,2.122405159061828e-12,2.122405159061828e-12,2.122405159061828e-12,2.122405159061828e-12,2.122405159061828e-12,2.122405159061828e-12,1.0,1697.2799999994454,1.2504743819891364e-15
15,koh_cl,0.0,7.967751029239348e-12,7.967751029239348e-12,7.967751029239348e-12,7.967751029239348e-12,7.967751029239348e-12,7.967751029239348e-12,1.0,11101.39534883359,7.177251848864666e-16
15,mgo_am,0.0,1.3101976548864144e-11,1.3101976548864144e-11,1.3101976548864144e-11,1.3101976548864144e-11,1.3101976548864144e-11,1.3101976548864144e-11,1.0,11714.355828217038,1.118454718381071e-15
15,ssor,0.0,2.363576953284007e-12,2.363576953284007e-12,2.363576953284007e-12,2.363576953284007e-12,2.363576953284007e-12,2.363576953284007e-12,1.0,7777.759674131879,3.038891727581978e-16
21,koh_b,0.0,6.036148179780823e-12,6.036148179780823e-12,6.036148179780823e-12,6.036148179780823e-12,6.036148179780823e-12,6.036148179780823e-12,1.0,1697.2799999994454,3.556365584807926e-15
21,koh_cl,0.0,1.0972924532483024e-11,1.0972924532483024e-11,1.0972924532483024e-11,1.0972924532483024e-11,1.0972924532483024e-11,1.0972924532483024e-11,1.0,11101.39534883359,9.884275073255486e-16
21,mgo_am,0.0,4.1260784934306094e-10,4.1260784934306094e-10,4.1260784934306094e-10,4.1260784934306094e-10,4.1260784934306094e-10,4.1260784934306094e-10,1.0,11714.355828217038,3.5222410467435934e-14
21,ssor,0.0,2.3522959738732016e-12,2.3522959738732016e-12,2.3522959738732016e-12,2.3522959738732016e-12,2.3522959738732016e-12,2.3522959738732016e-12,1.0,7777.759674131879,3.0243875774366283e-16
22,koh_b,0.0,6.858449504315337e-11,6.858449504315337e-11,6.858449504315337e-11,6.858449504315337e-11,6.858449504315337e-11,6.858449504315337e-11,1.0,1697.2799999994454,4.040847417230851e-14
22,koh_cl,0.0,7.714189435911295e-12,7.714189435911295e-12,7.714189435911295e-12,7.714189435911295e-12,7.714189435911295e-12,7.714189435911295e-12,1.0,11101.39534883359,6.948846693151789e-16
22,mgo_am,0.0,7.379239508716267e-12,7.379239508716267e-12,7.379239508716267e-12,7.379239508716267e-12,7.379239508716267e-12,7.379239508716267e-12,1.0,11714.355828217038,6.299313096620705e-16
22,ssor,0.0,2.3413294712221835e-12,2.3413294712221835e-12,2.3413294712221835e-12,2.3413294712221835e-12,2.3413294712221835e-12,2.3413294712221835e-12,1.0,7777.759674131879,3.010287755494982e-16
23,koh_b,0.0,1.7903935761548562e-11,1.7903935761548562e-11,1.7903935761548562e-11,1.7903935761548562e-11,1.7903935761548562e-11,1.7903935761548562e-11,1.0,1697.2799999994454,1.0548604686059113e-14
23,koh_cl,0.0,8.118561178396726e-12,8.118561178396726e-12,8.118561178396726e-12,8.118561178396726e-12,8.118561178396726e-12,8.118561178396726e-12,1.0,11101.39534883359,7.313099771056918e-16
23,mgo_am,0.0,1.1787298187632784e-11,1.1787298187632784e-11,1.1787298187632784e-11,1.1787298187632784e-11,1.1787298187632784e-11,1.1787298187632784e-11,1.0,11714.355828217038,1.0062267495102075e-15
23,ssor,0.0,2.3479275854261616e-12,2.3479275854261616e-12,2.3479275854261616e-12,2.3479275854261616e-12,2.3479275854261616e-12,2.3479275854261616e-12,1.0,7777.759674131879,3.01877106493166e-16
31,koh_b,0.0,7.036176563102739e-11,7.036176563102739e-11,7.036176563102739e-11,7.036176563102739e-11,7.036176563102739e-11,7.036176563102739e-11,1.0,1697.2799999994454,4.14556028652022e-14
31,koh_cl,0.0,7.496142010746819e-12,7.496142010746819e-12,7.496142010746819e-12,7.496142010746819e-12,7.496142010746819e-12,7.496142010746819e-12,1.0,11101.39534883359,6.752432262070938e-16
31,mgo_am,0.0,9.851512915104893e-11,9.851512915104893e-11,9.851512915104893e-11,9.851512915104893e-11,9.851512915104893e-11,9.851512915104893e-11,1.0,11714.355828217038,8.409777762918036e-15
31,ssor,0.0,2.312476686899148e-12,2.312476686899148e-12,2.312476686899148e-12,2.312476686899148e-12,2.312476686899148e-12,2.312476686899148e-12,1.0,7777.759674131879,2.9731912321619235e-16
32,koh_b,0.0,1.1892777972405426e-09,1.1892777972405426e-09,1.1892777972405426e-09,1.1892777972405426e-09,1.1892777972405426e-09,1.1892777972405426e-09,1.0,1697.2799999994454,7.006962889098624e-13
32,koh_cl,0.0,1.5177574211578291e-09,1.5177574211578291e-09,1.5177574211578291e-09,1.5177574211578291e-09,1.5177574211578291e-09,1.5177574211578291e-09,1.0,11101.39534883359,1.3671771641907142e-13
32,mgo_am,0.0,1.9994233471447404e-09,1.9994233471447404e-09,1.9994233471447404e-09,1.9994233471447404e-09,1.9994233471447404e-09,1.9994233471447404e-09,1.0,11714.355828217038,1.7068145926800476e-13
32,ssor,0.0,2.3371253337171757e-12,2.3371253337171757e-12,2.3371253337171757e-12,2.3371253337171757e-12,2.3371253337171757e-12,2.3371253337171757e-12,1.0,7777.759674131879,3.0048824232641717e-16
33,koh_b,0.0,1.3793597661373415e-09,1.3793597661373415e-09,1.3793597661373415e-09,1.3793597661373415e-09,1.3793597661373415e-09,1.3793597661373415e-09,1.0,1697.2799999994454,8.126883991667798e-13
33,koh_cl,0.0,3.4910355622437754e-09,3.4910355622437754e-09,3.4910355622437754e-09,3.4910355622437754e-09,3.4910355622437754e-09,3.4910355622437754e-09,1.0,11101.39534883359,3.144681774269551e-13
33,mgo_am,0.0,8.33925020224155e-09,8.33925020224155e-09,8.33925020224155e-09,8.33925020224155e-09,8.33925020224155e-09,8.33925020224155e-09,1.0,11714.355828217038,7.118829515281004e-13
33,ssor,0.0,2.320910983323932e-12,2.320910983323932e-12,2.320910983323932e-12,2.320910983323932e-12,2.320910983323932e-12,2.320910983323932e-12,1.0,7777.759674131879,2.984035352806118e-16
34,koh_b,0.0,5.929938001330722e-10,5.929938001330722e-10,5.929938001330722e-10,5.929938001330722e-10,5.929938001330722e-10,5.929938001330722e-10,1.0,1697.2799999994454,3.49378888653178e-13
34,koh_cl,0.0,7.735956063189286e-12,7.735956063189286e-12,7.735956063189286e-12,7.735956063189286e-12,7.735956063189286e-12,7.735956063189286e-12,1.0,11101.39534883359,6.968453802523205e-16
34,mgo_am,0.0,7.431623827766189e-12,7.431623827766189e-12,7.431623827766189e-12,7.431623827766189e-12,7.431623827766189e-12,7.431623827766189e-12,1.0,11714.355828217038,6.344031150108325e-16
34,ssor,0.0,2.341050705604847e-12,2.341050705604847e-12,2.341050705604847e-12,2.341050705604847e-12,2.341050705604847e-12,2.341050705604847e-12,1.0,7777.759674131879,3.009929341724158e-16
35,koh_b,0.0,1.2438998470442775e-09,1.2438998470442775e-09,1.2438998470442775e-09,1.2438998470442775e-09,1.2438998470442775e-09,1.2438998470442775e-09,1.0,1697.2799999994454,7.32878397815731e-13
35,koh_cl,0.0,7.227662940437908e-12,7.227662940437908e-12,7.227662940437908e-12,7.227662940437908e-12,7.227662940437908e-12,7.227662940437908e-12,1.0,11101.39534883359,6.510589627093418e-16
35,mgo_am,0.0,9.149061566246552e-11,9.149061566246552e-11,9.149061566246552e-11,9.149061566246552e-11,9.149061566246552e-11,9.149061566246552e-11,1.0,11714.355828217038,7.810127761535708e-15
35,ssor,0.0,2.2964823328702904e-12,2.2964823328702904e-12,2.2964823328702904e-12,2.2964823328702904e-12,2.2964823328702904e-12,2.2964823328702904e-12,1.0,7777.759674131879,2.952627014830738e-16
36,koh_b,0.0,1.0859434422165815e-09,1.0859434422165815e-09,1.0859434422165815e-09,1.0859434422165815e-09,1.0859434422165815e-09,1.0859434422165815e-09,1.0,1697.2799999994454,6.398139624675577e-13
36,koh_cl,0.0,5.608744845762126e-10,5.608744845762126e-10,5.608744845762126e-10,5.608744845762126e-10,5.608744845762126e-10,5.608744845762126e-10,1.0,11101.39534883359,5.052288175964682e-14
36,mgo_am,0.0,3.611421543415614e-10,3.611421543415614e-10,3.611421543415614e-10,3.611421543415614e-10,3.611421543415614e-10,3.611421543415614e-10,1.0,11714.355828217038,3.082902377539682e-14
36,ssor,0.0,2.2305520707882346e-12,2.2305520707882346e-12,2.2305520707882346e-12,2.2305520707882346e-12,2.2305520707882346e-12,2.2305520707882346e-12,1.0,7777.759674131879,2.867859337704722e-16
37,koh_b,0.0,2.980719924174989e-10,2.980719924174989e-10,2.980719924174989e-10,2.980719924174989e-10,2.980719924174989e-10,2.980719924174989e-10,1.0,1697.2799999994454,1.75617454054485e-13
37,koh_cl,0.0,2.545372108885201e-10,2.545372108885201e-10,2.545372108885201e-10,2.545372108885201e-10,2.545372108885201e-10,2.545372108885201e-10,1.0,11101.39534883359,2.2928397997758365e-14
37,mgo_am,0.0,1.894714439098409e-09,1.894714439098409e-09,1.894714439098409e-09,1.894714439098409e-09,1.894714439098409e-09,1.894714439098409e-09,1.0,11714.355828217038,1.6174294744696948e-13
37,ssor,0.0,2.330462916066253e-12,2.330462916066253e-12,2.330462916066253e-12,2.330462916066253e-12,2.330462916066253e-12,2.330462916066253e-12,1.0,7777.759674131879,2.996316437774698e-16
41,koh_b,0.0,9.961429033992455e-10,9.961429033992455e-10,9.961429033992455e-10,9.961429033992455e-10,9.961429033992455e-10,9.961429033992455e-10,1.0,1697.2799999994454,5.869054625044607e-13
41,koh_cl,0.0,7.750189792709106e-12,7.750189792709106e-12,7.750189792709106e-12,7.750189792709106e-12,7.750189792709106e-12,7.750189792709106e-12,1.0,11101.39534883359,6.981275370508635e-16
41,mgo_am,0.0,7.404789919932257e-12,7.404789919932257e-12,7.404789919932257e-12,7.404789919932257e-12,7.404789919932257e-12,7.404789919932257e-12,1.0,11714.355828217038,6.321124292721172e-16
41,ssor,0.0,2.3429650573557945e-12,2.3429650573557945e-12,2.3429650573557945e-12,2.3429650573557945e-12,2.3429650573557945e-12,2.3429650573557945e-12,1.0,7777.759674131879,3.012390656847219e-16
42,koh_b,0.0,4.380512101289091e-09,4.380512101289091e-09,4.380512101289091e-09,4.380512101289091e-09,4.380512101289091e-09,4.380512101289091e-09,1.0,1697.2799999994454,2.580901266314646e-12
42,koh_cl,0.0,1.2352689933192508e-10,1.2352689933192508e-10,1.2352689933192508e-10,1.2352689933192508e-10,1.2352689933192508e-10,1.2352689933192508e-10,1.0,11101.39534883359,1.1127150727489755e-14
42,mgo_am,0.0,2.9920299700388315e-10,2.9920299700388315e-10,2.9920299700388315e-10,2.9920299700388315e-10,2.9920299700388315e-10,2.9920299700388315e-10,1.0,11714.355828217038,2.5541566381582486e-14
42,ssor,0.0,2.4233692360918688e-12,2.4233692360918688e-12,2.4233692360918688e-12,2.4233692360918688e-12,2.4233692360918688e-12,2.4233692360918688e-12,1.0,7777.759674131879,3.115767698700918e-16
43,koh_b,0.0,1.3995792658448523e-09,1.3995792658448523e-09,1.3995792658448523e-09,1.3995792658448523e-09,1.3995792658448523e-09,1.3995792658448523e-09,1.0,1697.2799999994454,8.246012831384978e-13
43,koh_cl,0.0,3.5791068210040745e-10,3.5791068210040745e-10,3.5791068210040745e-10,3.5791068210040745e-10,3.5791068210040745e-10,3.5791068210040745e-10,1.0,11101.39534883359,3.2240152778453445e-14
43,mgo_am,0.0,4.596271430173642e-10,4.596271430173642e-10,4.596271430173642e-10,4.596271430173642e-10,4.596271430173642e-10,4.596271430173642e-10,1.0,11714.355828217038,3.923622858631578e-14
43,ssor,0.0,1.471939906624005e-11,1.471939906624005e-11,1.471939906624005e-11,1.471939906624005e-11,1.471939906624005e-11,1.471939906624005e-11,1.0,7777.759674131879,1.8924985706610904e-15
44,koh_b,0.0,1.1066014543465786e-10,1.1066014543465786e-10,1.1066014543465786e-10,1.1066014543465786e-10,1.1066014543465786e-10,1.1066014543465786e-10,1.0,1697.2799999994454,6.519852083020717e-14
44,koh_cl,0.0,3.1083121095326523e-10,3.1083121095326523e-10,3.1083121095326523e-10,3.1083121095326523e-10,3.1083121095326523e-10,3.1083121095326523e-10,1.0,11101.39534883359,2.799929208772156e-14
44,mgo_am,0.0,4.0018474123989124e-10,4.0018474123989124e-10,4.0018474123989124e-10,4.0018474123989124e-10,4.0018474123989124e-10,4.0018474123989124e-10,1.0,11714.355828217038,3.4161907586582215e-14
44,ssor,0.0,1.8783452620762784e-11,1.8783452620762784e-11,1.8783452620762784e-11,1.8783452620762784e-11,1.8783452620762784e-11,1.8783452620762784e-11,1.0,7777.759674131879,2.4150209581860492e-15
45,koh_b,0.0,2.720407555311307e-10,2.720407555311307e-10,2.720407555311307e-10,2.720407555311307e-10,2.720407555311307e-10,2.720407555311307e-10,1.0,1697.2799999994454,1.6028042251792254e-13
45,koh_cl,0.0,9.974298422359475e-11,9.974298422359475e-11,9.974298422359475e-11,9.974298422359475e-11,9.974298422359475e-11,9.974298422359475e-11,1.0,11101.39534883359,8.984724990816098e-15
45,mgo_am,0.0,9.78239961843609e-09,9.78239961843609e-09,9.78239961843609e-09,9.78239961843609e-09,9.78239961843609e-09,9.78239961843609e-09,1.0,11714.355828217038,8.350778960352788e-13
45,ssor,0.0,2.0401121395704086e-10,2.0401121395704086e-10,2.0401121395704086e-10,2.0401121395704086e-10,2.0401121395704086e-10,2.0401121395704086e-10,1.0,7777.759674131879,2.6230074276473673e-14
46,koh_b,0.0,1.7751293891916783e-09,1.7751293891916783e-09,1.7751293891916783e-09,1.7751293891916783e-09,1.7751293891916783e-09,1.7751293891916783e-09,1.0,1697.2799999994454,1.0458671457816378e-12
46,koh_cl,0.0,1.2056083202762438e-08,1.2056083202762438e-08,1.2056083202762438e-08,1.2056083202762438e-08,1.2056083202762438e-08,1.2056083202762438e-08,1.0,11101.39534883359,1.0859971043215893e-12
46,mgo_am,0.0,8.33571909227275e-09,8.33571909227275e-09,8.33571909227275e-09,8.33571909227275e-09,8.33571909227275e-09,8.33571909227275e-09,1.0,11714.355828217038,7.115815171154378e-13
46,ssor,0.0,1.0507332246428677e-10,1.0507332246428677e-10,1.0507332246428677e-10,1.0507332246428677e-10,1.0507332246428677e-10,1.0507332246428677e-10,1.0,7777.759674131879,1.3509458618752527e-14
50,koh_b,0.0,1.827963461712061e-09,1.827963461712061e-09,1.827963461712061e-09,1.827963461712061e-09,1.827963461712061e-09,1.827963461712061e-09,1.0,1697.2799999994454,1.0769958178454105e-12
50,koh_cl,0.0,5.205085707607585e-10,5.205085707607585e-10,5.205085707607585e-10,5.205085707607585e-10,5.205085707607585e-10,5.205085707607585e-10,1.0,11101.39534883359,4.6886770032511965e-14
50,mgo_am,0.0,1.2267660762108672e-09,1.2267660762108672e-09,1.2267660762108672e-09,1.2267660762108672e-09,1.2267660762108672e-09,1.2267660762108672e-09,1.0,11714.355828217038,1.0472330653093921e-13
50,ssor,0.0,2.3616563664908176e-10,2.3616563664908176e-10,2.3616563664908176e-10,2.3616563664908176e-10,2.3616563664908176e-10,2.3616563664908176e-10,1.0,7777.759674131879,3.0364223959573756e-14
51,koh_b,0.0,1.4627031264654862e-10,1.4627031264654862e-10,1.4627031264654862e-10,1.4627031264654862e-10,1.4627031264654862e-10,1.4627031264654862e-10,1.0,1697.2799999994454,8.617924717583216e-14
51,koh_cl,0.0,7.76710562373304e-12,7.76710562373304e-12,7.76710562373304e-12,7.76710562373304e-12,7.76710562373304e-12,7.76710562373304e-12,1.0,11101.39534883359,6.996512942446573e-16
51,mgo_am,0.0,7.400507186236793e-12,7.400507186236793e-12,7.400507186236793e-12,7.400507186236793e-12,7.400507186236793e-12,7.400507186236793e-12,1.0,11714.355828217038,6.317468322424327e-16
51,ssor,0.0,2.3490654892630616e-12,2.3490654892630616e-12,2.3490654892630616e-12,2.3490654892630616e-12,2.3490654892630616e-12,2.3490654892630616e-12,1.0,7777.759674131879,3.02023408755588e-16
52,koh_b,0.0,2.54073295579139e-10,2.54073295579139e-10,2.54073295579139e-10,2.54073295579139e-10,2.54073295579139e-10,2.54073295579139e-10,1.0,1697.2799999994454,1.4969439077772792e-13
52,koh_cl,0.0,2.7963000573506058e-11,2.7963000573506058e-11,2.7963000573506058e-11,2.7963000573506058e-11,2.7963000573506058e-11,2.7963000573506058e-11,1.0,11101.39534883359,2.5188726006811472e-15
52,mgo_am,0.0,2.075606797325991e-09,2.075606797325991e-09,2.075606797325991e-09,2.075606797325991e-09,2.075606797325991e-09,2.075606797325991e-09,1.0,11714.355828217038,1.7718488560219062e-13
52,ssor,0.0,3.8114166182203853e-10,3.8114166182203853e-10,3.8114166182203853e-10,3.8114166182203853e-10,3.8114166182203853e-10,3.8114166182203853e-10,1.0,7777.759674131879,4.9004042010925204e-14
53,koh_b,0.0,1.1102835730693148e-10,1.1102835730693148e-10,1.1102835730693148e-10,1.1102835730693148e-10,1.1102835730693148e-10,1.1102835730693148e-10,1.0,1697.2799999994454,6.541546315691446e-14
53,koh_cl,0.0,6.394592339733664e-12,6.394592339733664e-12,6.394592339733664e-12,6.394592339733664e-12,6.394592339733664e-12,6.394592339733664e-12,1.0,11101.39534883359,5.760169905493489e-16
53,mgo_am,0.0,6.152575222180941e-12,6.152575222180941e-12,6.152575222180941e-12,6.152575222180941e-12,6.152575222180941e-12,6.152575222180941e-12,1.0,11714.355828217038,5.2521669244166895e-16
53,ssor,0.0,2.2107084476271027e-12,2.2107084476271027e-12,2.2107084476271027e-12,2.2107084476271027e-12,2.2107084476271027e-12,2.2107084476271027e-12,1.0,7777.759674131879,2.8423460485410954e-16
54,koh_b,0.0,6.190642995221845e-10,6.190642995221845e-10,6.190642995221845e-10,6.190642995221845e-10,6.190642995221845e-10,6.190642995221845e-10,1.0,1697.2799999994454,3.647390527917531e-13
54,koh_cl,0.0,2.070946089011292e-10,2.070946089011292e-10,2.070946089011292e-10,2.070946089011292e-10,2.070946089011292e-10,2.070946089011292e-10,1.0,11101.39534883359,1.865482692884083e-14
54,mgo_am,0.0,2.4271639875407477e-10,2.4271639875407477e-10,2.4271639875407477e-10,2.4271639875407477e-10,2.4271639875407477e-10,2.4271639875407477e-10,1.0,11714.355828217038,2.0719568562996006e-14
54,ssor,0.0,2.4174441377074832e-11,2.4174441377074832e-11,2.4174441377074832e-11,2.4174441377074832e-11,2.4174441377074832e-11,2.4174441377074832e-11,1.0,7777.759674131879,3.1081496973321023e-15
61,koh_b,0.0,1.5347079874664015e-10,1.5347079874664015e-10,1.5347079874664015e-10,1.5347079874664015e-10,1.5347079874664015e-10,1.5347079874664015e-10,1.0,1697.2799999994454,9.042161502326682e-14
61,koh_cl,0.0,2.9061101052771326e-10,2.9061101052771326e-10,2.9061101052771326e-10,2.9061101052771326e-10,2.9061101052771326e-10,2.9061101052771326e-10,1.0,11101.39534883359,2.61778813740065e-14
61,mgo_am,0.0,4.764432265562903e-10,4.764432265562903e-10,4.764432265562903e-10,4.764432265562903e-10,4.764432265562903e-10,4.764432265562903e-10,1.0,11714.355828217038,4.067173932079597e-14
61,ssor,0.0,3.2472343779713306e-11,3.2472343779713306e-11,3.2472343779713306e-11,3.2472343779713306e-11,3.2472343779713306e-11,3.2472343779713306e-11,1.0,7777.759674131879,4.175025346657774e-15
62,koh_b,0.0,2.4306909491746813e-09,2.4306909491746813e-09,2.4306909491746813e-09,2.4306909491746813e-09,2.4306909491746813e-09,2.4306909491746813e-09,1.0,1697.2799999994454,1.432109580726501e-12
62,koh_cl,0.0,1.3184621591244728e-10,1.3184621591244728e-10,1.3184621591244728e-10,1.3184621591244728e-10,1.3184621591244728e-10,1.3184621591244728e-10,1.0,11101.39534883359,1.1876544503597036e-14
62,mgo_am,0.0,3.9651536694092236e-10,3.9651536694092236e-10,3.9651536694092236e-10,3.9651536694092236e-10,3.9651536694092236e-10,3.9651536694092236e-10,1.0,11714.355828217038,3.3848670191988974e-14
62,ssor,0.0,3.9613233500685646e-10,3.9613233500685646e-10,3.9613233500685646e-10,3.9613233500685646e-10,3.9613233500685646e-10,3.9613233500685646e-10,1.0,7777.759674131879,5.093141876372917e-14
63,koh_b,0.0,8.770211559818203e-09,8.770211559818203e-09,8.770211559818203e-09,8.770211559818203e-09,8.770211559818203e-09,8.770211559818203e-09,1.0,1697.2799999994454,5.167215521199253e-12
63,koh_cl,0.0,1.1263753794698157e-12,1.1263753794698157e-12,1.1263753794698157e-12,1.1263753794698157e-12,1.1263753794698157e-12,1.1263753794698157e-12,1.0,11101.39534883359,1.0146250485423551e-16
63,mgo_am,0.0,1.4829215293749473e-11,1.4829215293749473e-11,1.4829215293749473e-11,1.4829215293749473e-11,1.4829215293749473e-11,1.4829215293749473e-11,1.0,11714.355828217038,1.2659010457945537e-15
63,ssor,0.0,4.346367430616902e-11,4.346367430616902e-11,4.346367430616902e-11,4.346367430616902e-11,4.346367430616902e-11,4.346367430616902e-11,1.0,7777.759674131879,5.588199703665985e-15
64,koh_b,0.0,8.222970904746216e-10,8.222970904746216e-10,8.222970904746216e-10,8.222970904746216e-10,8.222970904746216e-10,8.222970904746216e-10,1.0,1697.2799999994454,4.844793378080754e-13
64,koh_cl,0.0,4.668286605381708e-10,4.668286605381708e-10,4.668286605381708e-10,4.668286605381708e-10,4.668286605381708e-10,4.668286605381708e-10,1.0,11101.39534883359,4.205134993117959e-14
64,mgo_am,0.0,7.217862221756889e-10,7.217862221756889e-10,7.217862221756889e-10,7.217862221756889e-10,7.217862221756889e-10,7.217862221756889e-10,1.0,11714.355828217038,6.161552822538318e-14
64,ssor,0.0,1.5304994121849088e-10,1.5304994121849088e-10,1.5304994121849088e-10,1.5304994121849088e-10,1.5304994121849088e-10,1.5304994121849088e-10,1.0,7777.759674131879,1.9677895387732416e-14
65,koh_b,0.0,4.47556728110052e-08,4.47556728110052e-08,4.47556728110052e-08,4.47556728110052e-08,4.47556728110052e-08,4.47556728110052e-08,1.0,1697.2799999994454,2.636905685038404e-11
65,koh_cl,0.0,1.0075577734242571e-06,1.0075577734242571e-06,1.0075577734242571e-06,1.0075577734242571e-06,1.0075577734242571e-06,1.0075577734242571e-06,1.0,11101.39534883359,9.075956145730095e-11
65,mgo_am,0.0,3.7909545858444186e-08,3.7909545858444186e-08,3.7909545858444186e-08,3.7909545858444186e-08,3.7909545858444186e-08,3.7909545858444186e-08,1.0,11714.355828217038,3.2361613745016433e-12
65,ssor,0.0,8.713252716428548e-09,8.713252716428548e-09,8.713252716428548e-09,8.713252716428548e-09,8.713252716428548e-09,8.713252716428548e-09,1.0,7777.759674131879,1.1202779568270839e-12
