grid_uid,grid_id,province_code,lon,lat,is_land,capacity_floor_gw,capacity_upper_gw,technology,capacity_floor_2025_gw,active_observed_capacity_floor_gw,existing_vre_floor_mode,cf_source_technology,cf_grid_id,cf_fallback_method
G000029366,29366,62,105.5,34.0,1,2.6045e-05,0.0532130175738711,dpv,2.6045e-05,2.6045e-05,cohort_survival_v1,pv,29366,same_grid_primary_technology
G000029584,29584,54,89.75,33.75,1,2.5815000000000003e-05,0.0160605637620567,dpv,2.5815000000000003e-05,2.5815000000000003e-05,cohort_survival_v1,pv,29584,same_grid_primary_technology
G000029599,29599,63,93.5,33.75,1,6.2586e-05,0.0160602764385091,dpv,6.2586e-05,6.2586e-05,cohort_survival_v1,pv,29599,same_grid_primary_technology
G000029649,29649,62,106.0,33.75,1,7.1826e-05,0.1209910377218668,dpv,7.1826e-05,7.1826e-05,cohort_survival_v1,pv,29649,same_grid_primary_technology
G000030174,30174,63,96.75,33.25,1,6.4677e-05,0.0163309404088114,dpv,6.4677e-05,6.4677e-05,cohort_survival_v1,pv,30174,same_grid_primary_technology
G000030425,30425,54,89.25,33.0,1,3.814e-06,0.0164948690398186,dpv,3.814e-06,3.814e-06,cohort_survival_v1,pv,30425,same_grid_primary_technology
G000030514,30514,41,111.5,33.0,1,4.7496e-05,0.1554827441627952,dpv,4.7496e-05,4.7496e-05,cohort_survival_v1,pv,30514,same_grid_primary_technology
G000030675,30675,54,81.5,32.75,1,8.902e-06,0.0167137303771144,dpv,8.902e-06,8.902e-06,cohort_survival_v1,pv,30675,same_grid_primary_technology
G000030706,30706,54,89.25,32.75,1,8.428e-06,0.0166580705102963,dpv,8.428e-06,8.428e-06,cohort_survival_v1,pv,30706,same_grid_primary_technology
G000030989,30989,54,89.75,32.5,1,1.1129999999999998e-05,0.0168758613550149,dpv,1.1129999999999998e-05,1.1129999999999998e-05,cohort_survival_v1,pv,30989,same_grid_primary_technology
G000031020,31020,54,97.5,32.5,1,7.3447e-05,0.0168204922505514,dpv,7.3447e-05,7.3447e-05,cohort_survival_v1,pv,31020,same_grid_primary_technology
G000031859,31859,54,96.5,31.75,1,7.1912e-05,0.0173626179088888,dpv,7.1912e-05,7.1912e-05,cohort_survival_v1,pv,31859,same_grid_primary_technology
G000031860,31860,63,96.75,31.75,1,4.2325e-05,0.0173087023167419,dpv,4.2325e-05,4.2325e-05,cohort_survival_v1,pv,31860,same_grid_primary_technology
G000031894,31894,51,105.25,31.75,1,6.214299999999999e-05,0.1067982612519186,dpv,6.214299999999999e-05,6.214299999999999e-05,cohort_survival_v1,pv,31894,same_grid_primary_technology
G000031948,31948,32,118.75,31.75,1,1.9824e-05,1.2641701956721303,dpv,1.9824e-05,1.9824e-05,cohort_survival_v1,pv,31948,same_grid_primary_technology
G000032088,32088,54,83.5,31.5,1,2.3381e-05,0.0174720537993099,dpv,2.3381e-05,2.3381e-05,cohort_survival_v1,pv,32088,same_grid_primary_technology
G000032089,32089,54,83.75,31.5,1,1.0551e-05,0.0174720352423471,dpv,1.0551e-05,1.0551e-05,cohort_survival_v1,pv,32089,same_grid_primary_technology
G000032092,32092,54,84.5,31.5,1,5.709e-06,0.017471979584168,dpv,5.709e-06,5.709e-06,cohort_survival_v1,pv,32092,same_grid_primary_technology
G000032370,32370,54,83.75,31.25,1,4.0685e-05,0.0176342190870691,dpv,4.0685e-05,4.0685e-05,cohort_survival_v1,pv,32370,same_grid_primary_technology
G000032373,32373,54,84.5,31.25,1,5.88e-06,0.0176341637447622,dpv,5.88e-06,5.88e-06,cohort_survival_v1,pv,32373,same_grid_primary_technology
G000032374,32374,54,84.75,31.25,1,1.1828e-05,0.0176874250567569,dpv,1.1828e-05,1.1828e-05,cohort_survival_v1,pv,32374,same_grid_primary_technology
G000032504,32504,34,117.25,31.25,1,7.226e-05,0.2919675691182635,dpv,7.226e-05,7.226e-05,cohort_survival_v1,pv,32504,same_grid_primary_technology
G000032520,32520,31,121.25,31.25,1,5.5e-07,2.589594275999376,dpv,5.5e-07,5.5e-07,cohort_survival_v1,pv,32520,same_grid_primary_technology
G000032642,32642,54,81.5,31.0,1,1.0459e-05,0.0178493516322579,dpv,1.0459e-05,1.0459e-05,cohort_survival_v1,pv,32642,same_grid_primary_technology
G000032918,32918,54,80.25,30.75,1,4.127e-06,0.0179582770075061,dpv,4.127e-06,4.127e-06,cohort_survival_v1,pv,32918,same_grid_primary_technology
G000033012,33012,51,103.75,30.75,1,3.7311e-05,1.3732323287157877,dpv,3.7311e-05,3.7311e-05,cohort_survival_v1,pv,33012,same_grid_primary_technology
G000033335,33335,42,114.25,30.5,1,3.6695e-05,1.7985778293366548,dpv,3.6695e-05,3.6695e-05,cohort_survival_v1,pv,33335,same_grid_primary_technology
G000033497,33497,54,84.5,30.25,1,1.9709e-05,0.0182809831871961,dpv,1.9709e-05,1.9709e-05,cohort_survival_v1,pv,33497,same_grid_primary_technology
G000033775,33775,54,83.75,30.0,1,1.711e-05,0.0184422378045274,dpv,1.711e-05,1.711e-05,cohort_survival_v1,pv,33775,same_grid_primary_technology
G000033778,33778,54,84.5,30.0,1,5.214e-06,0.0184421840752245,dpv,5.214e-06,5.214e-06,cohort_survival_v1,pv,33778,same_grid_primary_technology
G000033881,33881,42,110.25,30.0,1,3.1651e-05,0.0362458771579559,dpv,3.1651e-05,3.1651e-05,cohort_survival_v1,pv,33881,same_grid_primary_technology
G000034056,34056,54,83.75,29.75,1,1.0358e-05,0.0186032269791716,dpv,1.0358e-05,1.0358e-05,cohort_survival_v1,pv,34056,same_grid_primary_technology
G000034058,34058,54,84.25,29.75,1,2.9265e-05,0.0186545997909614,dpv,2.9265e-05,2.9265e-05,cohort_survival_v1,pv,34058,same_grid_primary_technology
G000034339,34339,54,84.25,29.5,1,1.1e-06,0.0188150537479481,dpv,1.1e-06,1.1e-06,cohort_survival_v1,pv,34339,same_grid_primary_technology
G000034373,34373,54,92.75,29.5,1,3.2023e-05,0.004790025623091,dpv,3.2023e-05,3.2023e-05,cohort_survival_v1,pv,34373,same_grid_primary_technology
G000034381,34381,54,94.75,29.5,1,5.2479e-05,0.0213749950092672,dpv,5.2479e-05,5.2479e-05,cohort_survival_v1,pv,34381,same_grid_primary_technology
G000034471,34471,36,117.25,29.5,1,5.5644e-05,0.0409616352059684,dpv,5.5644e-05,5.5644e-05,cohort_survival_v1,pv,34471,same_grid_primary_technology
G000035190,35190,54,86.25,28.75,1,3.2246e-05,0.0218110029587514,dpv,3.2246e-05,3.2246e-05,cohort_survival_v1,pv,35190,same_grid_primary_technology
G000035334,35334,33,122.25,28.75,0,3.721e-06,3.721e-06,dpv,3.721e-06,3.721e-06,cohort_survival_v1,pv,34770,nearest_same_province_land_pv_grid
G000035499,35499,54,93.25,28.5,1,5.3374e-05,0.0006741023262537,dpv,5.3374e-05,5.3374e-05,cohort_survival_v1,pv,35499,same_grid_primary_technology
G000035522,35522,53,99.0,28.5,1,1.0236e-05,0.0197428652005199,dpv,1.0236e-05,1.0236e-05,cohort_survival_v1,pv,35522,same_grid_primary_technology
G000036056,36056,54,92.0,28.0,1,5.2826e-05,0.000918061751425,dpv,5.2826e-05,5.2826e-05,cohort_survival_v1,pv,36056,same_grid_primary_technology
G000036337,36337,54,92.0,27.75,1,4.7986e-05,0.0007299995907862,dpv,4.7986e-05,4.7986e-05,cohort_survival_v1,pv,36337,same_grid_primary_technology
G000037821,37821,43,111.75,26.5,1,5.5e-07,0.3756829743712602,dpv,5.5e-07,5.5e-07,cohort_survival_v1,pv,37821,same_grid_primary_technology
G000039471,39471,53,102.75,25.0,1,4.4e-06,0.5919202666555681,dpv,4.4e-06,4.4e-06,cohort_survival_v1,pv,39471,same_grid_primary_technology
G000039505,39505,45,111.25,25.0,1,6e-05,0.1218759337757254,dpv,6e-05,6e-05,cohort_survival_v1,pv,39505,same_grid_primary_technology
G000040647,40647,44,115.75,24.0,1,3.9027e-05,0.4912652790821818,dpv,3.9027e-05,3.9027e-05,cohort_survival_v1,pv,40647,same_grid_primary_technology
G000040928,40928,44,115.75,23.75,1,2.2e-06,0.5239059535048848,dpv,2.2e-06,2.2e-06,cohort_survival_v1,pv,40928,same_grid_primary_technology
G000043445,43445,44,112.75,21.5,0,1.7592e-05,1.7592e-05,dpv,1.7592e-05,1.7592e-05,cohort_survival_v1,pv,42883,nearest_same_province_land_pv_grid
G000014855,14855,23,130.75,47.0,1,5.8189e-05,0.0135230009826662,dpv,5.8189e-05,5.8189e-05,cohort_survival_v1,pv,14855,same_grid_primary_technology
G000015121,15121,23,127.0,46.75,1,8.8348e-05,0.0319207736123436,dpv,8.8348e-05,8.8348e-05,cohort_survival_v1,pv,15121,same_grid_primary_technology
G000015788,15788,65,83.0,46.0,1,3.248e-05,0.0123683101282337,dpv,3.248e-05,3.248e-05,cohort_survival_v1,pv,15788,same_grid_primary_technology
G000016549,16549,23,132.75,45.5,1,5.481e-05,0.0235738742863622,dpv,5.481e-05,5.481e-05,cohort_survival_v1,pv,16549,same_grid_primary_technology
G000016627,16627,65,82.0,45.25,1,4.725e-06,4.725e-06,dpv,4.725e-06,4.725e-06,cohort_survival_v1,pv,16627,same_grid_primary_technology
G000016946,16946,65,91.5,45.0,1,5.5e-07,0.0042878824278175,dpv,5.5e-07,5.5e-07,cohort_survival_v1,pv,16946,same_grid_primary_technology
G000016947,16947,65,91.75,45.0,1,7.2221e-05,0.0043210644400026,dpv,7.2221e-05,7.2221e-05,cohort_survival_v1,pv,16947,same_grid_primary_technology
G000016949,16949,65,92.25,45.0,1,6.6e-06,6.6e-06,dpv,6.6e-06,6.6e-06,cohort_survival_v1,pv,16949,same_grid_primary_technology
G000017231,17231,65,92.5,44.75,1,1.3583e-05,0.0094570563870246,dpv,1.3583e-05,1.3583e-05,cohort_survival_v1,pv,17231,same_grid_primary_technology
G000017468,17468,65,81.5,44.5,1,4.762e-06,0.0089724921499645,dpv,4.762e-06,4.762e-06,cohort_survival_v1,pv,17468,same_grid_primary_technology
G000017515,17515,65,93.25,44.5,1,7.79e-06,0.008971432324711,dpv,7.79e-06,7.79e-06,cohort_survival_v1,pv,17515,same_grid_primary_technology
G000018210,18210,22,126.5,44.0,1,4.6013e-05,0.0775491206049924,dpv,4.6013e-05,4.6013e-05,cohort_survival_v1,pv,18210,same_grid_primary_technology
G000018317,18317,65,83.0,43.75,1,4.2171e-05,0.0117718311106969,dpv,4.2171e-05,4.2171e-05,cohort_survival_v1,pv,18317,same_grid_primary_technology
G000018486,18486,22,125.25,43.75,1,9.745e-06,0.9274615696120228,dpv,9.745e-06,9.745e-06,cohort_survival_v1,pv,18486,same_grid_primary_technology
G000020027,20027,65,89.0,42.25,1,7.0930000000000005e-06,0.0104571673690225,dpv,7.0930000000000005e-06,7.0930000000000005e-06,cohort_survival_v1,pv,20027,same_grid_primary_technology
G000020034,20034,65,90.75,42.25,1,1.4211e-05,0.0104570136185169,dpv,1.4211e-05,1.4211e-05,cohort_survival_v1,pv,20034,same_grid_primary_technology
G000020135,20135,15,116.0,42.25,1,1.2037e-05,0.0151998637460505,dpv,1.2037e-05,1.2037e-05,cohort_survival_v1,pv,20135,same_grid_primary_technology
G000020355,20355,15,100.75,42.0,1,1.3031e-05,0.0106213855015431,dpv,1.3031e-05,1.3031e-05,cohort_survival_v1,pv,20355,same_grid_primary_technology
G000020447,20447,21,123.75,42.0,1,5.2182e-05,0.0767845764285636,dpv,5.2182e-05,5.2182e-05,cohort_survival_v1,pv,20447,same_grid_primary_technology
G000020610,20610,65,94.25,41.75,1,1.0485000000000002e-05,0.0121015756701646,dpv,1.0485e-05,1.0485000000000002e-05,cohort_survival_v1,pv,20610,same_grid_primary_technology
G000021132,21132,65,84.25,41.25,1,5.5e-07,0.0159503665728938,dpv,5.5e-07,5.5e-07,cohort_survival_v1,pv,21132,same_grid_primary_technology
G000021142,21142,65,86.75,41.25,1,2.6089e-05,0.01105487622709,dpv,2.6089e-05,2.6089e-05,cohort_survival_v1,pv,21142,same_grid_primary_technology
G000021411,21411,65,83.75,41.0,1,3.6823e-05,0.0120405421642248,dpv,3.6823e-05,3.6823e-05,cohort_survival_v1,pv,21411,same_grid_primary_technology
G000021413,21413,65,84.25,41.0,1,1.65e-06,0.0112840043426142,dpv,1.65e-06,1.65e-06,cohort_survival_v1,pv,21413,same_grid_primary_technology
G000021423,21423,65,86.75,41.0,1,7.709100000000001e-05,0.0112203998483454,dpv,7.709100000000001e-05,7.709100000000001e-05,cohort_survival_v1,pv,21423,same_grid_primary_technology
G000021427,21427,65,87.75,41.0,1,5.8189e-05,0.0112203122027726,dpv,5.8189e-05,5.8189e-05,cohort_survival_v1,pv,21427,same_grid_primary_technology
G000021471,21471,15,98.75,41.0,1,5.0556e-05,0.0112193509408534,dpv,5.0556e-05,5.0556e-05,cohort_survival_v1,pv,21471,same_grid_primary_technology
G000021474,21474,15,99.5,41.0,1,5.709e-06,0.0112192855667783,dpv,5.709e-06,5.709e-06,cohort_survival_v1,pv,21474,same_grid_primary_technology
G000021478,21478,15,100.5,41.0,1,5.5189e-05,0.0112191984796746,dpv,5.5189e-05,5.5189e-05,cohort_survival_v1,pv,21478,same_grid_primary_technology
G000021694,21694,65,84.25,40.75,1,2.42e-05,0.0114493255465634,dpv,2.42e-05,2.42e-05,cohort_survival_v1,pv,21694,same_grid_primary_technology
G000021716,21716,65,89.75,40.75,1,5.197e-06,0.0114488509689492,dpv,5.197e-06,5.197e-06,cohort_survival_v1,pv,21716,same_grid_primary_technology
G000021731,21731,65,93.5,40.75,1,4.1383e-05,0.0114485280748555,dpv,4.1383e-05,4.1383e-05,cohort_survival_v1,pv,21731,same_grid_primary_technology
G000021752,21752,15,98.75,40.75,1,6.4939e-05,0.0113848870165252,dpv,6.4939e-05,6.4939e-05,cohort_survival_v1,pv,21752,same_grid_primary_technology
G000021757,21757,62,100.0,40.75,1,4.374e-05,0.0229827092848033,dpv,4.374e-05,4.374e-05,cohort_survival_v1,pv,21757,same_grid_primary_technology
G000021975,21975,65,84.25,40.5,1,8.25e-06,0.0116146482671022,dpv,8.25e-06,8.25e-06,cohort_survival_v1,pv,21975,same_grid_primary_technology
G000022014,22014,62,94.0,40.5,1,4.9336e-05,0.0115508390828856,dpv,4.9336e-05,4.9336e-05,cohort_survival_v1,pv,22014,same_grid_primary_technology
G000022038,22038,62,100.0,40.5,1,2.608e-05,0.011613297089845,dpv,2.608e-05,2.608e-05,cohort_survival_v1,pv,22038,same_grid_primary_technology
G000022055,22055,15,104.25,40.5,1,4.2291000000000006e-05,0.0115499517762294,dpv,4.2291000000000006e-05,4.2291000000000006e-05,cohort_survival_v1,pv,22055,same_grid_primary_technology
G000022244,22244,65,81.25,40.25,1,1.1e-06,0.0141447385202309,dpv,1.1e-06,1.1e-06,cohort_survival_v1,pv,22244,same_grid_primary_technology
G000022256,22256,65,84.25,40.25,1,7.7e-06,0.0117799677456272,dpv,7.7e-06,7.7e-06,cohort_survival_v1,pv,22256,same_grid_primary_technology
G000022298,22298,62,94.75,40.25,1,8.5559e-05,0.0117163127243681,dpv,8.5559e-05,8.5559e-05,cohort_survival_v1,pv,22298,same_grid_primary_technology
G000022391,22391,13,118.0,40.25,1,6.169e-06,0.0578995412004808,dpv,6.169e-06,6.169e-06,cohort_survival_v1,pv,22391,same_grid_primary_technology
G000022524,22524,65,81.0,40.0,1,2.2e-06,0.0119455573164877,dpv,2.2e-06,2.2e-06,cohort_survival_v1,pv,22524,same_grid_primary_technology
G000022537,22537,65,84.25,40.0,1,1.65e-06,0.0119452791923256,dpv,1.65e-06,1.65e-06,cohort_survival_v1,pv,22537,same_grid_primary_technology
G000022805,22805,65,81.0,39.75,1,1.1e-06,0.0121108549256727,dpv,1.1e-06,1.1e-06,cohort_survival_v1,pv,22805,same_grid_primary_technology
G000022817,22817,65,84.0,39.75,1,5.5e-07,0.0120482944127024,dpv,5.5e-07,5.5e-07,cohort_survival_v1,pv,22817,same_grid_primary_technology
G000022818,22818,65,84.25,39.75,1,3.85e-06,0.0121105777877381,dpv,3.85e-06,3.85e-06,cohort_survival_v1,pv,22818,same_grid_primary_technology
G000022936,22936,14,113.75,39.75,1,9.6378e-05,0.0535144194971222,dpv,9.6378e-05,9.6378e-05,cohort_survival_v1,pv,22936,same_grid_primary_technology
G000023086,23086,65,81.0,39.5,1,3.9172e-05,0.0122761348241916,dpv,3.9172e-05,3.9172e-05,cohort_survival_v1,pv,23086,same_grid_primary_technology
G000023098,23098,65,84.0,39.5,1,8.25e-06,0.0122137993290918,dpv,8.25e-06,8.25e-06,cohort_survival_v1,pv,23098,same_grid_primary_technology
G000023367,23367,65,81.0,39.25,1,1.1e-06,0.0124413921379945,dpv,1.1e-06,1.1e-06,cohort_survival_v1,pv,23367,same_grid_primary_technology
G000023378,23378,65,83.75,39.25,1,4.4e-06,0.0123793057386137,dpv,4.4e-06,4.4e-06,cohort_survival_v1,pv,23378,same_grid_primary_technology
G000023511,23511,12,117.0,39.25,1,3.0707e-05,0.8070549985855483,dpv,3.0707e-05,3.0707e-05,cohort_survival_v1,pv,23511,same_grid_primary_technology
G000023648,23648,65,81.0,39.0,1,2.2e-06,0.0126066219680105,dpv,2.2e-06,2.2e-06,cohort_survival_v1,pv,23648,same_grid_primary_technology
G000023777,23777,14,113.25,39.0,1,8.6055e-05,0.0755971569158817,dpv,8.6055e-05,8.6055e-05,cohort_survival_v1,pv,23777,same_grid_primary_technology
G000023929,23929,65,81.0,38.75,1,3.3e-06,0.012771819391667,dpv,3.3e-06,3.3e-06,cohort_survival_v1,pv,23929,same_grid_primary_technology
G000023939,23939,65,83.5,38.75,1,3.3e-06,0.0143439909833416,dpv,3.3e-06,3.3e-06,cohort_survival_v1,pv,23939,same_grid_primary_technology
G000023976,23976,63,92.75,38.75,1,1.8557e-05,0.0127708340850209,dpv,1.8557e-05,1.8557e-05,cohort_survival_v1,pv,23976,same_grid_primary_technology
G000024219,24219,65,83.25,38.5,1,2.75e-06,0.0129367911044087,dpv,2.75e-06,2.75e-06,cohort_survival_v1,pv,24219,same_grid_primary_technology
G000024262,24262,63,94.0,38.5,1,1.217e-05,0.0128747256406128,dpv,1.217e-05,1.217e-05,cohort_survival_v1,pv,24262,same_grid_primary_technology
G000024490,24490,65,80.75,38.25,1,2.75e-06,0.0130412008523032,dpv,2.75e-06,2.75e-06,cohort_survival_v1,pv,24490,same_grid_primary_technology
G000024500,24500,65,83.25,38.25,1,2.75e-06,0.0131019095925986,dpv,2.75e-06,2.75e-06,cohort_survival_v1,pv,24500,same_grid_primary_technology
G000024780,24780,65,83.0,38.0,1,4.4e-06,0.013206321801771,dpv,4.4e-06,4.4e-06,cohort_survival_v1,pv,24780,same_grid_primary_technology
G000025061,25061,65,83.0,37.75,1,2.75e-06,0.0133715830044939,dpv,2.75e-06,2.75e-06,cohort_survival_v1,pv,25061,same_grid_primary_technology
G000025342,25342,65,83.0,37.5,1,7.846599999999999e-05,0.0135367894555075,dpv,7.846599999999999e-05,7.846599999999999e-05,cohort_survival_v1,pv,25342,same_grid_primary_technology
G000025594,25594,65,75.75,37.25,1,5.201e-05,0.0137624767040181,dpv,5.201e-05,5.201e-05,cohort_survival_v1,pv,25594,same_grid_primary_technology
G000025622,25622,65,82.75,37.25,1,3.3e-06,0.0137019568343893,dpv,3.3e-06,3.3e-06,cohort_survival_v1,pv,25622,same_grid_primary_technology
G000026250,26250,63,99.25,36.75,1,6.7248e-05,0.0140901553700611,dpv,6.7248e-05,6.7248e-05,cohort_survival_v1,pv,26250,same_grid_primary_technology
G000027111,27111,62,103.75,36.0,1,4.8018e-05,0.6458821913675362,dpv,4.8018e-05,4.8018e-05,cohort_survival_v1,pv,27111,same_grid_primary_technology
G000027569,27569,65,77.75,35.5,1,7.342999999999999e-05,0.0149144225574803,dpv,7.342999999999999e-05,7.342999999999999e-05,cohort_survival_v1,pv,27569,same_grid_primary_technology
G000027570,27570,65,78.0,35.5,1,1.4495e-05,0.0148562652540211,dpv,1.4495e-05,1.4495e-05,cohort_survival_v1,pv,27570,same_grid_primary_technology
G000027571,27571,65,78.25,35.5,1,1.0186e-05,0.0149143826801198,dpv,1.0186e-05,1.0186e-05,cohort_survival_v1,pv,27571,same_grid_primary_technology
G000027666,27666,63,102.0,35.5,1,3.9571e-05,0.0755864326268303,dpv,3.9571e-05,3.9571e-05,cohort_survival_v1,pv,27666,same_grid_primary_technology
G000027854,27854,65,78.75,35.25,1,9.103e-06,0.0150206884461911,dpv,9.103e-06,9.103e-06,cohort_survival_v1,pv,27854,same_grid_primary_technology
G000027968,27968,62,107.25,35.25,1,9.7643e-05,0.1482876255609458,dpv,9.7643e-05,9.7643e-05,cohort_survival_v1,pv,27968,same_grid_primary_technology
G000028493,28493,63,98.0,34.75,1,1.8405e-05,0.0238215419292102,dpv,1.8405e-05,1.8405e-05,cohort_survival_v1,pv,28493,same_grid_primary_technology
G000028772,28772,63,97.5,34.5,1,1.1029e-05,0.0155120066166028,dpv,1.1029e-05,1.1029e-05,cohort_survival_v1,pv,28772,same_grid_primary_technology
G000028773,28773,63,97.75,34.5,1,1.6785999999999998e-05,0.015511986984058,dpv,1.6785999999999998e-05,1.6785999999999998e-05,cohort_survival_v1,pv,28773,same_grid_primary_technology
G000029054,29054,63,97.75,34.25,1,5.9487e-05,0.0156760246716567,dpv,5.9487e-05,5.9487e-05,cohort_survival_v1,pv,29054,same_grid_primary_technology
G000029099,29099,61,109.0,34.25,1,8.742e-06,1.3260391863558332,dpv,8.742e-06,8.742e-06,cohort_survival_v1,pv,29099,same_grid_primary_technology
