kind,logical_path,resolved_path_remote,required_remote,exists_remote,size_bytes_remote,sha256_remote,integrity_method_remote,role_remote,resolved_path_local,required_local,exists_local,size_bytes_local,sha256_local,integrity_method_local,role_local,_merge,hash_identical
capacity_factor_store,mixed_wind:2023,/publicfs01/fs1-a8/home/a8s001819/National_model_cloud/20260903_8760_stagea_final_2820fc3_v3/data/hourly_cf/mixed_wind/cf_hourly_mixed_wind_2023.zarr,True,True,,afd68696436fdd1a8b15dd39084e212cd9a263477755bbd9fa7a9efb6cd87a90,zarr_metadata_sha256:21_files,Hourly VRE capacity-factor store; chunk payload is not duplicated in the case output,D:\National_model\Data\Gis\Hourly_cf\mixed_wind\cf_hourly_mixed_wind_2023.zarr,True,True,,afd68696436fdd1a8b15dd39084e212cd9a263477755bbd9fa7a9efb6cd87a90,zarr_metadata_sha256:21_files,Hourly VRE capacity-factor store; chunk payload is not duplicated in the case output,both,True
capacity_factor_store,mixed_wind:2024,/publicfs01/fs1-a8/home/a8s001819/National_model_cloud/20260903_8760_stagea_final_2820fc3_v3/data/hourly_cf/mixed_wind/cf_hourly_mixed_wind_2024.zarr,True,True,,7ad7678588d5548596d2160dc62d1628a900cb978c11948bc3cf02255a105275,zarr_metadata_sha256:21_files,Hourly VRE capacity-factor store; chunk payload is not duplicated in the case output,D:\National_model\Data\Gis\Hourly_cf\mixed_wind\cf_hourly_mixed_wind_2024.zarr,True,True,,7ad7678588d5548596d2160dc62d1628a900cb978c11948bc3cf02255a105275,zarr_metadata_sha256:21_files,Hourly VRE capacity-factor store; chunk payload is not duplicated in the case output,both,True
capacity_factor_store,offshore_wind:2023,/publicfs01/fs1-a8/home/a8s001819/National_model_cloud/20260903_8760_stagea_final_2820fc3_v3/data/hourly_cf/offshore_wind/cf_hourly_offshore_wind_2023.zarr,True,True,,b1409cd229149c97f1550456757235e76d5a1e7c88d72013fc10186b60cc3d5c,zarr_metadata_sha256:21_files,Hourly VRE capacity-factor store; chunk payload is not duplicated in the case output,D:\National_model\Data\Gis\Hourly_cf\offshore_wind\cf_hourly_offshore_wind_2023.zarr,True,True,,b1409cd229149c97f1550456757235e76d5a1e7c88d72013fc10186b60cc3d5c,zarr_metadata_sha256:21_files,Hourly VRE capacity-factor store; chunk payload is not duplicated in the case output,both,True
capacity_factor_store,offshore_wind:2024,/publicfs01/fs1-a8/home/a8s001819/National_model_cloud/20260903_8760_stagea_final_2820fc3_v3/data/hourly_cf/offshore_wind/cf_hourly_offshore_wind_2024.zarr,True,True,,b4b73c60da7215c06472024a078f5c22fcc04c514d2daa0fa2328c62f281a63d,zarr_metadata_sha256:21_files,Hourly VRE capacity-factor store; chunk payload is not duplicated in the case output,D:\National_model\Data\Gis\Hourly_cf\offshore_wind\cf_hourly_offshore_wind_2024.zarr,True,True,,b4b73c60da7215c06472024a078f5c22fcc04c514d2daa0fa2328c62f281a63d,zarr_metadata_sha256:21_files,Hourly VRE capacity-factor store; chunk payload is not duplicated in the case output,both,True
capacity_factor_store,onshore_wind:2023,/publicfs01/fs1-a8/home/a8s001819/National_model_cloud/20260903_8760_stagea_final_2820fc3_v3/data/hourly_cf/onshore_wind/cf_hourly_onshore_wind_2023.zarr,True,True,,d766ca91d2fbd6f4f207283d8a4b664413bddca94e461de4bf0c981de2317d0a,zarr_metadata_sha256:21_files,Hourly VRE capacity-factor store; chunk payload is not duplicated in the case output,D:\National_model\Data\Gis\Hourly_cf\onshore_wind\cf_hourly_onshore_wind_2023.zarr,True,True,,d766ca91d2fbd6f4f207283d8a4b664413bddca94e461de4bf0c981de2317d0a,zarr_metadata_sha256:21_files,Hourly VRE capacity-factor store; chunk payload is not duplicated in the case output,both,True
capacity_factor_store,onshore_wind:2024,/publicfs01/fs1-a8/home/a8s001819/National_model_cloud/20260903_8760_stagea_final_2820fc3_v3/data/hourly_cf/onshore_wind/cf_hourly_onshore_wind_2024.zarr,True,True,,80732b83abaca4efb437766dfbafd929d3e6149225360a6a09c1b27293e8341b,zarr_metadata_sha256:21_files,Hourly VRE capacity-factor store; chunk payload is not duplicated in the case output,D:\National_model\Data\Gis\Hourly_cf\onshore_wind\cf_hourly_onshore_wind_2024.zarr,True,True,,80732b83abaca4efb437766dfbafd929d3e6149225360a6a09c1b27293e8341b,zarr_metadata_sha256:21_files,Hourly VRE capacity-factor store; chunk payload is not duplicated in the case output,both,True
capacity_factor_store,pv:2023,/publicfs01/fs1-a8/home/a8s001819/National_model_cloud/20260903_8760_stagea_final_2820fc3_v3/data/hourly_cf/pv/cf_hourly_pv_2023.zarr,True,True,,928dc90eb7277de0b8fca3df5223d55a7fb53ba6f170312c1c34565f12cfce82,zarr_metadata_sha256:21_files,Hourly VRE capacity-factor store; chunk payload is not duplicated in the case output,D:\National_model\Data\Gis\Hourly_cf\pv\cf_hourly_pv_2023.zarr,True,True,,928dc90eb7277de0b8fca3df5223d55a7fb53ba6f170312c1c34565f12cfce82,zarr_metadata_sha256:21_files,Hourly VRE capacity-factor store; chunk payload is not duplicated in the case output,both,True
capacity_factor_store,pv:2024,/publicfs01/fs1-a8/home/a8s001819/National_model_cloud/20260903_8760_stagea_final_2820fc3_v3/data/hourly_cf/pv/cf_hourly_pv_2024.zarr,True,True,,41f435716142879c9b697100e50d88bd10df9d4d9310462baa58552a4b83c9ba,zarr_metadata_sha256:21_files,Hourly VRE capacity-factor store; chunk payload is not duplicated in the case output,D:\National_model\Data\Gis\Hourly_cf\pv\cf_hourly_pv_2024.zarr,True,True,,41f435716142879c9b697100e50d88bd10df9d4d9310462baa58552a4b83c9ba,zarr_metadata_sha256:21_files,Hourly VRE capacity-factor store; chunk payload is not duplicated in the case output,both,True
capacity_factor_store,wave:2030,/publicfs01/fs1-a8/home/a8s001819/National_model_cloud/20260903_8760_stagea_final_2820fc3_v3/data/wave_energy_20260727/wave_grid.nc,True,True,735244416.0,b2e259862c8bad9a34addf24534a8d1e1c8f66c4e351bdfe13fe9cfca1eb4831,sha256_file,,D:\codeenv\pycharmproject\National_RL\wave_energy\wave_grid.nc,True,True,735244416.0,b2e259862c8bad9a34addf24534a8d1e1c8f66c4e351bdfe13fe9cfca1eb4831,sha256_file,,both,True
hydrology_timeseries,explicit_ror_profiles_2019,/publicfs01/fs1-a8/home/a8s001819/National_model_cloud/20260903_8760_stagea_final_2820fc3_v3/data/hydro_timeseries_20260719_sequential_sparse/ror_hourly_profiles_2019_provisional.nc,True,True,7727110.0,5256ab6c40646ad0b20db7351bb3d3616fe6391638cfe317b10528de7d4c8fff,sha256_file,,D:\codeenv\pycharmproject\National_RL\Gis_process\hydro_power\process_hydro\hydro_model_2019_stage1_20260629\model_inputs\ror_hourly_profiles_2019_provisional.nc,True,True,7727110.0,5256ab6c40646ad0b20db7351bb3d3616fe6391638cfe317b10528de7d4c8fff,sha256_file,,both,True
hydrology_timeseries,hourly_discharge_2019,/publicfs01/fs1-a8/home/a8s001819/National_model_cloud/20260903_8760_stagea_final_2820fc3_v3/data/hydro_timeseries_20260719_sequential_sparse/grfr_target_comids_hourly_2019.nc,True,True,17151296.0,d70fe0a05a98a43cea2a616a972d2678f5cae71210c5a5022c277abfcc6e4804,sha256_file,,D:\codeenv\pycharmproject\National_RL\Gis_process\hydro_power\process_hydro\hydro_model_2019_stage1_20260629\model_inputs\grfr_target_comids_hourly_2019.nc,True,True,17151296.0,d70fe0a05a98a43cea2a616a972d2678f5cae71210c5a5022c277abfcc6e4804,sha256_file,,both,True
hydrology_timeseries,monthly_environmental_flow_2019_p30,/publicfs01/fs1-a8/home/a8s001819/National_model_cloud/20260903_8760_stagea_final_2820fc3_v3/data/hydro_timeseries_20260719_sequential_sparse/grfr_monthly_p30_single_year_proxy_2019.nc,True,True,182396.0,c28f628642baaaac18d4461ac9474b3d622fcd80fbcd651884e6095d58203767,sha256_file,,D:\codeenv\pycharmproject\National_RL\National_model\data\hydro\grfr_monthly_p30_single_year_proxy_2019.nc,True,True,182396.0,c28f628642baaaac18d4461ac9474b3d622fcd80fbcd651884e6095d58203767,sha256_file,,both,True
input_contract,config/model_input_files.json,/publicfs01/fs1-a8/home/a8s001819/National_model_cloud/20260903_8760_stagea_final_2820fc3_v3/repo/config/model_input_files.json,True,True,7677.0,3be2f1b269a5c5c4bce1946ee60b443177410cfbafc533362fe7faf8ad5d650e,sha256_file,,D:\codeenv\pycharmproject\National_RL\National_model\config\model_input_files.json,True,True,7677.0,3be2f1b269a5c5c4bce1946ee60b443177410cfbafc533362fe7faf8ad5d650e,sha256_file,,both,True
model_table,biomass/capacity_upper_by_province_year.csv,/publicfs01/fs1-a8/home/a8s001819/National_model_cloud/20260805_power_curve_v3_qc_3cb3939_v2/data/model_ready_20260805_power_curve_v3_qc_d63a251_v1/biomass/capacity_upper_by_province_year.csv,True,True,30164.0,5321fe2cb6d561a3d38c8acdaaaaba06c56ffa9fbd3bf6afdde7dd4c24e96770,sha256_file,Shared bio plus BECCS province-year capacity upper bounds,D:\codeenv\pycharmproject\National_RL\National_model\data\biomass\capacity_upper_by_province_year.csv,True,True,30164.0,5321fe2cb6d561a3d38c8acdaaaaba06c56ffa9fbd3bf6afdde7dd4c24e96770,sha256_file,Shared bio plus BECCS province-year capacity upper bounds,both,True
model_table,biomass/fuel_potential_by_province_year.csv,/publicfs01/fs1-a8/home/a8s001819/National_model_cloud/20260805_power_curve_v3_qc_3cb3939_v2/data/model_ready_20260805_power_curve_v3_qc_d63a251_v1/biomass/fuel_potential_by_province_year.csv,True,True,23514.0,a886806b9dce30f0ce9f5f91203a6ea1791780b42554c5fb87a87363abea1180,sha256_file,Province-year biomass thermal resource potential,D:\codeenv\pycharmproject\National_RL\National_model\data\biomass\fuel_potential_by_province_year.csv,True,True,23514.0,a886806b9dce30f0ce9f5f91203a6ea1791780b42554c5fb87a87363abea1180,sha256_file,Province-year biomass thermal resource potential,both,True
model_table,carbon/emissions_limits_by_scenario.csv,/publicfs01/fs1-a8/home/a8s001819/National_model_cloud/20260805_power_curve_v3_qc_3cb3939_v2/data/model_ready_20260805_power_curve_v3_qc_d63a251_v1/carbon/emissions_limits_by_scenario.csv,True,True,1664.0,8eacc77a9aeab81af1779a63ba2eea96b522e9f9ed6ff5e11390349353d1e38d,sha256_file,Scenario-year net carbon constraints,D:\codeenv\pycharmproject\National_RL\National_model\data\carbon\emissions_limits_by_scenario.csv,True,True,1664.0,8eacc77a9aeab81af1779a63ba2eea96b522e9f9ed6ff5e11390349353d1e38d,sha256_file,Scenario-year net carbon constraints,both,True
model_table,flexibility/ev_availability_hourly_v4.csv.gz,/publicfs01/fs1-a8/home/a8s001819/National_model_cloud/20260805_power_curve_v3_qc_3cb3939_v2/data/model_ready_20260805_power_curve_v3_qc_d63a251_v1/flexibility/ev_availability_hourly_v4.csv.gz,True,True,3792483.0,58c5680b9113ea6f61b0630e020d31c2c84de927d44da95f38f0d4fa69cb354b,sha256_file,,D:\codeenv\pycharmproject\National_RL\National_model\data\flexibility\ev_availability_hourly_v4.csv.gz,True,True,3792483.0,58c5680b9113ea6f61b0630e020d31c2c84de927d44da95f38f0d4fa69cb354b,sha256_file,,both,True
model_table,flexibility/ev_availability_hourly_v5.csv.gz,/publicfs01/fs1-a8/home/a8s001819/National_model_cloud/20260805_power_curve_v3_qc_3cb3939_v2/data/model_ready_20260805_power_curve_v3_qc_d63a251_v1/flexibility/ev_availability_hourly_v5.csv.gz,True,True,3788409.0,e5b362011add3dda47b57fea0e67e011507275a18b823e8e4392cd2632412422,sha256_file,Integrated V5 smart-charging and V2G power/energy availability envelopes,D:\codeenv\pycharmproject\National_RL\National_model\data\flexibility\ev_availability_hourly_v5.csv.gz,True,True,3788409.0,e5b362011add3dda47b57fea0e67e011507275a18b823e8e4392cd2632412422,sha256_file,Integrated V5 smart-charging and V2G power/energy availability envelopes,both,True
model_table,flexibility/ev_mobility_hourly_v4.csv.gz,/publicfs01/fs1-a8/home/a8s001819/National_model_cloud/20260805_power_curve_v3_qc_3cb3939_v2/data/model_ready_20260805_power_curve_v3_qc_d63a251_v1/flexibility/ev_mobility_hourly_v4.csv.gz,True,True,5352799.0,f28123d9f8be53ecd23a2e859601452493e780c8407da049d61c26197d6ae456,sha256_file,,D:\codeenv\pycharmproject\National_RL\National_model\data\flexibility\ev_mobility_hourly_v4.csv.gz,True,True,5352799.0,f28123d9f8be53ecd23a2e859601452493e780c8407da049d61c26197d6ae456,sha256_file,,both,True
model_table,flexibility/ev_mobility_hourly_v5.csv.gz,/publicfs01/fs1-a8/home/a8s001819/National_model_cloud/20260805_power_curve_v3_qc_3cb3939_v2/data/model_ready_20260805_power_curve_v3_qc_d63a251_v1/flexibility/ev_mobility_hourly_v5.csv.gz,True,True,5232200.0,ba577eedc68ab1e2ffe202c895794549a95ee03232e7eb8fc44ac5eadd0f54f6,sha256_file,Integrated V5 aggregate EV mobility-service withdrawals with no fabricated departure SOC,D:\codeenv\pycharmproject\National_RL\National_model\data\flexibility\ev_mobility_hourly_v5.csv.gz,True,True,5232200.0,ba577eedc68ab1e2ffe202c895794549a95ee03232e7eb8fc44ac5eadd0f54f6,sha256_file,Integrated V5 aggregate EV mobility-service withdrawals with no fabricated departure SOC,both,True
model_table,flexibility/flex_enablement_cost_v4.csv,/publicfs01/fs1-a8/home/a8s001819/National_model_cloud/20260805_power_curve_v3_qc_3cb3939_v2/data/model_ready_20260805_power_curve_v3_qc_d63a251_v1/flexibility/flex_enablement_cost_v4.csv,True,True,19191.0,b2d8a4f758bb4c128e8f4c4df476cecff56e2f95d1bd7d9c97aeaba56881884f,sha256_file,,D:\codeenv\pycharmproject\National_RL\National_model\data\flexibility\flex_enablement_cost_v4.csv,True,True,19191.0,b2d8a4f758bb4c128e8f4c4df476cecff56e2f95d1bd7d9c97aeaba56881884f,sha256_file,,both,True
model_table,flexibility/flex_enablement_cost_v5.csv,/publicfs01/fs1-a8/home/a8s001819/National_model_cloud/20260805_power_curve_v3_qc_3cb3939_v2/data/model_ready_20260805_power_curve_v3_qc_d63a251_v1/flexibility/flex_enablement_cost_v5.csv,True,True,18327.0,40a5fceaa58d93953c248d090847ddd5e3920cb7ce7b7181fc384030e887f16a,sha256_file,"Integrated V5 2025-constant-CNY enablement, activation, infrastructure and degradation costs",D:\codeenv\pycharmproject\National_RL\National_model\data\flexibility\flex_enablement_cost_v5.csv,True,True,18327.0,40a5fceaa58d93953c248d090847ddd5e3920cb7ce7b7181fc384030e887f16a,sha256_file,"Integrated V5 2025-constant-CNY enablement, activation, infrastructure and degradation costs",both,True
model_table,flexibility/thermal_hourly_envelope_v4.csv.gz,/publicfs01/fs1-a8/home/a8s001819/National_model_cloud/20260805_power_curve_v3_qc_3cb3939_v2/data/model_ready_20260805_power_curve_v3_qc_d63a251_v1/flexibility/thermal_hourly_envelope_v4.csv.gz,True,True,7195581.0,d76870555566bf7db21f46c3cc1780423cac874a27d8ca617d82a2bdf51266c4,sha256_file,,D:\codeenv\pycharmproject\National_RL\National_model\data\flexibility\thermal_hourly_envelope_v4.csv.gz,True,True,7195581.0,d76870555566bf7db21f46c3cc1780423cac874a27d8ca617d82a2bdf51266c4,sha256_file,,both,True
model_table,flexibility/thermal_hourly_envelope_v5.csv.gz,/publicfs01/fs1-a8/home/a8s001819/National_model_cloud/20260805_power_curve_v3_qc_3cb3939_v2/data/model_ready_20260805_power_curve_v3_qc_d63a251_v1/flexibility/thermal_hourly_envelope_v5.csv.gz,True,True,7070656.0,1f2d8fdde9f39b7cfed48300a2055cb93d80d1358c78c360598e894b281c9ddd,sha256_file,Integrated V5 province-year-hour BAIT +/-1 C thermal service envelopes,D:\codeenv\pycharmproject\National_RL\National_model\data\flexibility\thermal_hourly_envelope_v5.csv.gz,True,True,7070656.0,1f2d8fdde9f39b7cfed48300a2055cb93d80d1358c78c360598e894b281c9ddd,sha256_file,Integrated V5 province-year-hour BAIT +/-1 C thermal service envelopes,both,True
model_table,flexibility/thermal_parameters_by_province_v4.csv,/publicfs01/fs1-a8/home/a8s001819/National_model_cloud/20260805_power_curve_v3_qc_3cb3939_v2/data/model_ready_20260805_power_curve_v3_qc_d63a251_v1/flexibility/thermal_parameters_by_province_v4.csv,True,True,11928.0,1e0660cf67c19fbdba95123ad412d9a81f7b6e4548c92e8a95c14abf0f398ee3,sha256_file,,D:\codeenv\pycharmproject\National_RL\National_model\data\flexibility\thermal_parameters_by_province_v4.csv,True,True,11928.0,1e0660cf67c19fbdba95123ad412d9a81f7b6e4548c92e8a95c14abf0f398ee3,sha256_file,,both,True
model_table,flexibility/thermal_parameters_by_province_v5.csv,/publicfs01/fs1-a8/home/a8s001819/National_model_cloud/20260805_power_curve_v3_qc_3cb3939_v2/data/model_ready_20260805_power_curve_v3_qc_d63a251_v1/flexibility/thermal_parameters_by_province_v5.csv,True,True,13787.0,8d20af05386a3f5ba1ed641e1b46a0b49faa88fb3e074c5645b370a9c8e5f8ae,sha256_file,Integrated V5 province-year thermal service-state parameters,D:\codeenv\pycharmproject\National_RL\National_model\data\flexibility\thermal_parameters_by_province_v5.csv,True,True,13787.0,8d20af05386a3f5ba1ed641e1b46a0b49faa88fb3e074c5645b370a9c8e5f8ae,sha256_file,Integrated V5 province-year thermal service-state parameters,both,True
model_table,hydro/cascade_topology_edges.csv,/publicfs01/fs1-a8/home/a8s001819/National_model_cloud/20260805_power_curve_v3_qc_3cb3939_v2/data/model_ready_20260805_power_curve_v3_qc_d63a251_v1/hydro/cascade_topology_edges.csv,True,True,32475.0,55eb35e27ac54eb5f4d3075c08f4918331386552a955e77b76cbb8f3a9d7d7de,sha256_file,Core-cascade direction and travel-lag topology,D:\codeenv\pycharmproject\National_RL\National_model\data\hydro\cascade_topology_edges.csv,True,True,32475.0,55eb35e27ac54eb5f4d3075c08f4918331386552a955e77b76cbb8f3a9d7d7de,sha256_file,Core-cascade direction and travel-lag topology,both,True
model_table,hydro/cascade_topology_nodes.csv,/publicfs01/fs1-a8/home/a8s001819/National_model_cloud/20260805_power_curve_v3_qc_3cb3939_v2/data/model_ready_20260805_power_curve_v3_qc_d63a251_v1/hydro/cascade_topology_nodes.csv,True,True,18070.0,adf3e99bb509bb03c226b2d412bf89a3ca960655e6a9123efaf595712919f0a7,sha256_file,Core-cascade node-to-station mapping,D:\codeenv\pycharmproject\National_RL\National_model\data\hydro\cascade_topology_nodes.csv,True,True,18070.0,adf3e99bb509bb03c226b2d412bf89a3ca960655e6a9123efaf595712919f0a7,sha256_file,Core-cascade node-to-station mapping,both,True
model_table,hydro/hydro_stations.csv,/publicfs01/fs1-a8/home/a8s001819/National_model_cloud/20260805_power_curve_v3_qc_3cb3939_v2/data/model_ready_20260805_power_curve_v3_qc_d63a251_v1/hydro/hydro_stations.csv,True,True,861705.0,bcb091d3307c86c87fce3112dc9b6e9a5a6bea109948b6bf48cca3c6587e0142,sha256_file,"Station capacity, type, hydraulic and spatial attributes",D:\codeenv\pycharmproject\National_RL\National_model\data\hydro\hydro_stations.csv,True,True,861705.0,bcb091d3307c86c87fce3112dc9b6e9a5a6bea109948b6bf48cca3c6587e0142,sha256_file,"Station capacity, type, hydraulic and spatial attributes",both,True
model_table,hydro/provincial_aggregate_capacity_2025.csv,/publicfs01/fs1-a8/home/a8s001819/National_model_cloud/20260805_power_curve_v3_qc_3cb3939_v2/data/model_ready_20260805_power_curve_v3_qc_d63a251_v1/hydro/provincial_aggregate_capacity_2025.csv,True,True,7064.0,353a76d20ab07a4cc5341e868c561016d19f6706ead10682953ab58deff88199,sha256_file,Fixed 2025 province-level conventional-hydropower residual closing station inventory to 380 GW,D:\codeenv\pycharmproject\National_RL\National_model\data\hydro\provincial_aggregate_capacity_2025.csv,True,True,7064.0,353a76d20ab07a4cc5341e868c561016d19f6706ead10682953ab58deff88199,sha256_file,Fixed 2025 province-level conventional-hydropower residual closing station inventory to 380 GW,both,True
model_table,hydro/provincial_aggregate_monthly_capacity_factor_2019.csv,/publicfs01/fs1-a8/home/a8s001819/National_model_cloud/20260805_power_curve_v3_qc_3cb3939_v2/data/model_ready_20260805_power_curve_v3_qc_d63a251_v1/hydro/provincial_aggregate_monthly_capacity_factor_2019.csv,True,True,66506.0,6dd1e9a8f6de7a265c498c9f90836fd31f2b2c1fa9ad2620407568eddc99c03d,sha256_file,Monthly natural-availability upper bounds for fixed province-level aggregate hydropower,D:\codeenv\pycharmproject\National_RL\National_model\data\hydro\provincial_aggregate_monthly_capacity_factor_2019.csv,True,True,66506.0,6dd1e9a8f6de7a265c498c9f90836fd31f2b2c1fa9ad2620407568eddc99c03d,sha256_file,Monthly natural-availability upper bounds for fixed province-level aggregate hydropower,both,True
model_table,hydro/timeseries_index.csv,/publicfs01/fs1-a8/home/a8s001819/National_model_cloud/20260805_power_curve_v3_qc_3cb3939_v2/data/model_ready_20260805_power_curve_v3_qc_d63a251_v1/hydro/timeseries_index.csv,True,True,1667.0,9564dc01ae63e5ab46d0fa912da61a55271984ca144b4dc02a497ee667c9b0d5,sha256_file,"Hydrology NetCDF paths, variables, dimensions and source hashes",D:\codeenv\pycharmproject\National_RL\National_model\data\hydro\timeseries_index.csv,True,True,1667.0,9564dc01ae63e5ab46d0fa912da61a55271984ca144b4dc02a497ee667c9b0d5,sha256_file,"Hydrology NetCDF paths, variables, dimensions and source hashes",both,True
model_table,load/flexible_load_envelope_v3.csv.gz,/publicfs01/fs1-a8/home/a8s001819/National_model_cloud/20260805_power_curve_v3_qc_3cb3939_v2/data/model_ready_20260805_power_curve_v3_qc_d63a251_v1/load/flexible_load_envelope_v3.csv.gz,True,True,6549964.0,79ca66c1024abd9b27d2ad30d215223b0362ce5a1e214faccdd54a742d0289df,sha256_file,,D:\codeenv\pycharmproject\National_RL\National_model\data\load\flexible_load_envelope_v3.csv.gz,True,True,6549964.0,79ca66c1024abd9b27d2ad30d215223b0362ce5a1e214faccdd54a742d0289df,sha256_file,,both,True
model_table,load/hourly_load_2025_2060.csv.gz,/publicfs01/fs1-a8/home/a8s001819/National_model_cloud/20260805_power_curve_v3_qc_3cb3939_v2/data/model_ready_20260805_power_curve_v3_qc_d63a251_v1/load/hourly_load_2025_2060.csv.gz,True,True,45549980.0,bd94df0fd192c31e553ec9df7e486c90cc51ce2f9cd063cc660e499dce0c9903,sha256_file,Chronological 31-province hourly demand and base-residual/heating/cooling/EV components for all modeled years,D:\codeenv\pycharmproject\National_RL\National_model\data\load\hourly_load_2025_2060.csv.gz,True,True,45549980.0,bd94df0fd192c31e553ec9df7e486c90cc51ce2f9cd063cc660e499dce0c9903,sha256_file,Chronological 31-province hourly demand and base-residual/heating/cooling/EV components for all modeled years,both,True
model_table,load_center_network/city_337/hydro_routes.csv,/publicfs01/fs1-a8/home/a8s001819/National_model_cloud/20260805_power_curve_v3_qc_3cb3939_v2/data/model_ready_20260805_power_curve_v3_qc_d63a251_v1/load_center_network/city_337/hydro_routes.csv,True,True,804092.0,62cfed249a50223e1f3edcfe79937ce9d6a74ed1a39793f0ba911e95aa89b1fc,sha256_file,Jointly optimized hydropower-station to substation/city-center routing,D:\codeenv\pycharmproject\National_RL\National_model\data\load_center_network\city_337\hydro_routes.csv,True,True,804092.0,62cfed249a50223e1f3edcfe79937ce9d6a74ed1a39793f0ba911e95aa89b1fc,sha256_file,Jointly optimized hydropower-station to substation/city-center routing,both,True
model_table,load_center_network/city_337/initial_spur_capacity_2025.csv,/publicfs01/fs1-a8/home/a8s001819/National_model_cloud/20260805_power_curve_v3_qc_3cb3939_v2/data/model_ready_20260805_power_curve_v3_qc_d63a251_v1/load_center_network/city_337/initial_spur_capacity_2025.csv,True,True,6808149.0,52394fa48f3564f7a06b531a867a97f47329ebff2e6102b1f2dfa137d8052bfc,sha256_file,2025 VRE spur interface floor on city-337 routes,D:\codeenv\pycharmproject\National_RL\National_model\data\load_center_network\city_337\initial_spur_capacity_2025.csv,True,True,6808149.0,52394fa48f3564f7a06b531a867a97f47329ebff2e6102b1f2dfa137d8052bfc,sha256_file,2025 VRE spur interface floor on city-337 routes,both,True
model_table,load_center_network/city_337/intra_edges.csv,/publicfs01/fs1-a8/home/a8s001819/National_model_cloud/20260805_power_curve_v3_qc_3cb3939_v2/data/model_ready_20260805_power_curve_v3_qc_d63a251_v1/load_center_network/city_337/intra_edges.csv,True,True,247942.0,5c925c74fdaf6fe525128cd641b7ce9feea781c6cf2b560a4044cc853eefeccf,sha256_file,Initialized candidate intraprovincial city-center network,D:\codeenv\pycharmproject\National_RL\National_model\data\load_center_network\city_337\intra_edges.csv,True,True,247942.0,5c925c74fdaf6fe525128cd641b7ce9feea781c6cf2b560a4044cc853eefeccf,sha256_file,Initialized candidate intraprovincial city-center network,both,True
model_table,load_center_network/city_337/load_centers.csv,/publicfs01/fs1-a8/home/a8s001819/National_model_cloud/20260805_power_curve_v3_qc_3cb3939_v2/data/model_ready_20260805_power_curve_v3_qc_d63a251_v1/load_center_network/city_337/load_centers.csv,True,True,228029.0,0566142e0437a3b824c5d60be2c49f3a975742a36420106628af72e865ecbbb3,sha256_file,337 city load centers and province demand shares,D:\codeenv\pycharmproject\National_RL\National_model\data\load_center_network\city_337\load_centers.csv,True,True,228029.0,0566142e0437a3b824c5d60be2c49f3a975742a36420106628af72e865ecbbb3,sha256_file,337 city load centers and province demand shares,both,True
model_table,load_center_network/city_337/substation_initial_capacity_2025.csv,/publicfs01/fs1-a8/home/a8s001819/National_model_cloud/20260805_power_curve_v3_qc_3cb3939_v2/data/model_ready_20260805_power_curve_v3_qc_d63a251_v1/load_center_network/city_337/substation_initial_capacity_2025.csv,True,True,2833870.0,fcc4a250e189177ad6002b2bba3a4e18707ceeb4513dfb42c7b993f80e104e2d,sha256_file,2025 substation/trunk interface floor on city-337 routes,D:\codeenv\pycharmproject\National_RL\National_model\data\load_center_network\city_337\substation_initial_capacity_2025.csv,True,True,2833870.0,fcc4a250e189177ad6002b2bba3a4e18707ceeb4513dfb42c7b993f80e104e2d,sha256_file,2025 substation/trunk interface floor on city-337 routes,both,True
model_table,load_center_network/city_337/vre_routes.csv,/publicfs01/fs1-a8/home/a8s001819/National_model_cloud/20260805_power_curve_v3_qc_3cb3939_v2/data/model_ready_20260805_power_curve_v3_qc_d63a251_v1/load_center_network/city_337/vre_routes.csv,True,True,8456982.0,b293bec27f620a656a15c931ff22a7497c05152bec2c9adc614bcdfda8962f27,sha256_file,Jointly optimized VRE-site to substation/city-center routing,D:\codeenv\pycharmproject\National_RL\National_model\data\load_center_network\city_337\vre_routes.csv,True,True,8456982.0,b293bec27f620a656a15c931ff22a7497c05152bec2c9adc614bcdfda8962f27,sha256_file,Jointly optimized VRE-site to substation/city-center routing,both,True
model_table,sets/model_years.csv,/publicfs01/fs1-a8/home/a8s001819/National_model_cloud/20260805_power_curve_v3_qc_3cb3939_v2/data/model_ready_20260805_power_curve_v3_qc_d63a251_v1/sets/model_years.csv,True,True,247.0,533b208d7e026f0b8860370cd808e0bc55004813f57a4facc4acc90ae0412eab,sha256_file,Boundary and sequential planning-year definitions,D:\codeenv\pycharmproject\National_RL\National_model\data\sets\model_years.csv,True,True,247.0,533b208d7e026f0b8860370cd808e0bc55004813f57a4facc4acc90ae0412eab,sha256_file,Boundary and sequential planning-year definitions,both,True
model_table,sets/provinces.csv,/publicfs01/fs1-a8/home/a8s001819/National_model_cloud/20260805_power_curve_v3_qc_3cb3939_v2/data/model_ready_20260805_power_curve_v3_qc_d63a251_v1/sets/provinces.csv,True,True,616.0,68713595c56f97cb418f11be9622a04db6af6efe6095a50984a862a51ab2d77b,sha256_file,Canonical 31-province index and Chinese/English labels,D:\codeenv\pycharmproject\National_RL\National_model\data\sets\provinces.csv,True,True,616.0,68713595c56f97cb418f11be9622a04db6af6efe6095a50984a862a51ab2d77b,sha256_file,Canonical 31-province index and Chinese/English labels,both,True
model_table,storage/battery_capacity_floor_by_province_year.csv,/publicfs01/fs1-a8/home/a8s001819/National_model_cloud/20260805_power_curve_v3_qc_3cb3939_v2/data/model_ready_20260805_power_curve_v3_qc_d63a251_v1/storage/battery_capacity_floor_by_province_year.csv,True,True,23308.0,8e6039bcd179dbc4dd732e2dde9a12ea537e48f36db63cdf317c7081a9ff3d0d,sha256_file,Province-year battery power-capacity floors,D:\codeenv\pycharmproject\National_RL\National_model\data\storage\battery_capacity_floor_by_province_year.csv,True,True,23308.0,8e6039bcd179dbc4dd732e2dde9a12ea537e48f36db63cdf317c7081a9ff3d0d,sha256_file,Province-year battery power-capacity floors,both,True
model_table,storage/phs_capacity_bounds_by_province_year.csv,/publicfs01/fs1-a8/home/a8s001819/National_model_cloud/20260805_power_curve_v3_qc_3cb3939_v2/data/model_ready_20260805_power_curve_v3_qc_d63a251_v1/storage/phs_capacity_bounds_by_province_year.csv,True,True,36478.0,21e3d51dbde54e7a651ba11d9a998d5b4ec6302dc9a0ee11383f7c5b99abe319,sha256_file,Province-year PHS floors and project-pipeline upper bounds,D:\codeenv\pycharmproject\National_RL\National_model\data\storage\phs_capacity_bounds_by_province_year.csv,True,True,36478.0,21e3d51dbde54e7a651ba11d9a998d5b4ec6302dc9a0ee11383f7c5b99abe319,sha256_file,Province-year PHS floors and project-pipeline upper bounds,both,True
model_table,technology/ccs_cost_parameters.csv,/publicfs01/fs1-a8/home/a8s001819/National_model_cloud/20260805_power_curve_v3_qc_3cb3939_v2/data/model_ready_20260805_power_curve_v3_qc_d63a251_v1/technology/ccs_cost_parameters.csv,True,True,322.0,23fe9546861fa2745c0a9bb2a6a5be6841bff537d735561685b7f38dee886b74,sha256_file,"CO2 capture, transport and injection costs in 2025 constant CNY",D:\codeenv\pycharmproject\National_RL\National_model\data\technology\ccs_cost_parameters.csv,True,True,322.0,23fe9546861fa2745c0a9bb2a6a5be6841bff537d735561685b7f38dee886b74,sha256_file,"CO2 capture, transport and injection costs in 2025 constant CNY",both,True
model_table,technology/dac_parameters_by_year.csv,/publicfs01/fs1-a8/home/a8s001819/National_model_cloud/20260805_power_curve_v3_qc_3cb3939_v2/data/model_ready_20260805_power_curve_v3_qc_d63a251_v1/technology/dac_parameters_by_year.csv,True,True,9014.0,1749e705360323ea24d90c55191955b7a0ffed96982c69393d5233f521918ea6,sha256_file,"DAC capacity, cost, energy and lifetime parameters",D:\codeenv\pycharmproject\National_RL\National_model\data\technology\dac_parameters_by_year.csv,True,True,9014.0,1749e705360323ea24d90c55191955b7a0ffed96982c69393d5233f521918ea6,sha256_file,"DAC capacity, cost, energy and lifetime parameters",both,True
model_table,technology/emission_factors_by_year.csv,/publicfs01/fs1-a8/home/a8s001819/National_model_cloud/20260805_power_curve_v3_qc_3cb3939_v2/data/model_ready_20260805_power_curve_v3_qc_d63a251_v1/technology/emission_factors_by_year.csv,True,True,2386.0,6c1002b18c623901483397e2ef405eb51cb61577c6e92b62d206ed7fa943dec9,sha256_file,Year-specific fossil residual and BECCS emission factors,D:\codeenv\pycharmproject\National_RL\National_model\data\technology\emission_factors_by_year.csv,True,True,2386.0,6c1002b18c623901483397e2ef405eb51cb61577c6e92b62d206ed7fa943dec9,sha256_file,Year-specific fossil residual and BECCS emission factors,both,True
model_table,technology/province_fuel_generation_cost_by_year.csv,/publicfs01/fs1-a8/home/a8s001819/National_model_cloud/20260805_power_curve_v3_qc_3cb3939_v2/data/model_ready_20260805_power_curve_v3_qc_d63a251_v1/technology/province_fuel_generation_cost_by_year.csv,True,True,508789.0,1b8a9ad4f117428ca906f8352dfe59edd4d070e38036f3644cb73e91113abbd4,sha256_file,Province-year fuel generation costs and availability flags,D:\codeenv\pycharmproject\National_RL\National_model\data\technology\province_fuel_generation_cost_by_year.csv,True,True,508789.0,1b8a9ad4f117428ca906f8352dfe59edd4d070e38036f3644cb73e91113abbd4,sha256_file,Province-year fuel generation costs and availability flags,both,True
model_table,technology/storage_technical_parameters.csv,/publicfs01/fs1-a8/home/a8s001819/National_model_cloud/20260805_power_curve_v3_qc_3cb3939_v2/data/model_ready_20260805_power_curve_v3_qc_d63a251_v1/technology/storage_technical_parameters.csv,True,True,722.0,4a36c0a329e3d5932551dad73f09f02a59aa5f098ed5ccd9981f220ffd5ec374,sha256_file,"Storage efficiency, duration, lifetime and O&M parameters",D:\codeenv\pycharmproject\National_RL\National_model\data\technology\storage_technical_parameters.csv,True,True,722.0,4a36c0a329e3d5932551dad73f09f02a59aa5f098ed5ccd9981f220ffd5ec374,sha256_file,"Storage efficiency, duration, lifetime and O&M parameters",both,True
model_table,technology/technology_capex_by_year.csv,/publicfs01/fs1-a8/home/a8s001819/National_model_cloud/20260805_power_curve_v3_qc_3cb3939_v2/data/model_ready_20260805_power_curve_v3_qc_d63a251_v1/technology/technology_capex_by_year.csv,True,True,24186.0,09d66c89812ab7d2777b167375903776d65524b371c4810dc4498060a51091ce,sha256_file,Technology-year investment costs,D:\codeenv\pycharmproject\National_RL\National_model\data\technology\technology_capex_by_year.csv,True,True,24186.0,09d66c89812ab7d2777b167375903776d65524b371c4810dc4498060a51091ce,sha256_file,Technology-year investment costs,both,True
model_table,technology/thermal_nuclear_om_parameters.csv,/publicfs01/fs1-a8/home/a8s001819/National_model_cloud/20260805_power_curve_v3_qc_3cb3939_v2/data/model_ready_20260805_power_curve_v3_qc_d63a251_v1/technology/thermal_nuclear_om_parameters.csv,True,True,1716.0,3df7296fe416ee485b0fbc2f470f19c9cd4dbc930f330ccf60c0b65bab97f908,sha256_file,Thermal/nuclear fixed and variable O&M parameters,D:\codeenv\pycharmproject\National_RL\National_model\data\technology\thermal_nuclear_om_parameters.csv,True,True,1716.0,3df7296fe416ee485b0fbc2f470f19c9cd4dbc930f330ccf60c0b65bab97f908,sha256_file,Thermal/nuclear fixed and variable O&M parameters,both,True
model_table,technology/thermal_nuclear_ruc_parameters.csv,/publicfs01/fs1-a8/home/a8s001819/National_model_cloud/20260805_power_curve_v3_qc_3cb3939_v2/data/model_ready_20260805_power_curve_v3_qc_d63a251_v1/technology/thermal_nuclear_ruc_parameters.csv,True,True,2166.0,591da89bd6150cb02dd0ea089888b47db5a4bb666620680bcad789c46431716f,sha256_file,"Continuous RUC, ramp, inertia, heat-rate and CCS-loss parameters",D:\codeenv\pycharmproject\National_RL\National_model\data\technology\thermal_nuclear_ruc_parameters.csv,True,True,2166.0,591da89bd6150cb02dd0ea089888b47db5a4bb666620680bcad789c46431716f,sha256_file,"Continuous RUC, ramp, inertia, heat-rate and CCS-loss parameters",both,True
model_table,thermal/capacity_floor_by_year.csv,/publicfs01/fs1-a8/home/a8s001819/National_model_cloud/20260805_power_curve_v3_qc_3cb3939_v2/data/model_ready_20260805_power_curve_v3_qc_d63a251_v1/thermal/capacity_floor_by_year.csv,True,True,54592.0,50b62750d1b44141847c9b18f94d131a22eaf329a25eaea42c4e9635428944bb,sha256_file,Exogenous non-nuclear thermal capacity floors after retirement,D:\codeenv\pycharmproject\National_RL\National_model\data\thermal\capacity_floor_by_year.csv,True,True,54592.0,50b62750d1b44141847c9b18f94d131a22eaf329a25eaea42c4e9635428944bb,sha256_file,Exogenous non-nuclear thermal capacity floors after retirement,both,True
model_table,thermal/nuclear_capacity_floor_by_year.csv,/publicfs01/fs1-a8/home/a8s001819/National_model_cloud/20260805_power_curve_v3_qc_3cb3939_v2/data/model_ready_20260805_power_curve_v3_qc_d63a251_v1/thermal/nuclear_capacity_floor_by_year.csv,True,True,9186.0,90ade3212ea5be9704e5177879593a64cbabff3be3327022b3ae8ef3c9130f01,sha256_file,Province-year nuclear committed/pipeline lower bounds,D:\codeenv\pycharmproject\National_RL\National_model\data\thermal\nuclear_capacity_floor_by_year.csv,True,True,9186.0,90ade3212ea5be9704e5177879593a64cbabff3be3327022b3ae8ef3c9130f01,sha256_file,Province-year nuclear committed/pipeline lower bounds,both,True
model_table,thermal/nuclear_capacity_upper_by_year.csv,/publicfs01/fs1-a8/home/a8s001819/National_model_cloud/20260805_power_curve_v3_qc_3cb3939_v2/data/model_ready_20260805_power_curve_v3_qc_d63a251_v1/thermal/nuclear_capacity_upper_by_year.csv,True,True,20796.0,dac3ff4e422b51d076c32c61549389e7d0b10daf0bca6ce327865b17f18afb01,sha256_file,Province-year nuclear scenario upper bounds,D:\codeenv\pycharmproject\National_RL\National_model\data\thermal\nuclear_capacity_upper_by_year.csv,True,True,20796.0,dac3ff4e422b51d076c32c61549389e7d0b10daf0bca6ce327865b17f18afb01,sha256_file,Province-year nuclear scenario upper bounds,both,True
model_table,transmission/candidate_corridors.csv,/publicfs01/fs1-a8/home/a8s001819/National_model_cloud/20260805_power_curve_v3_qc_3cb3939_v2/data/model_ready_20260805_power_curve_v3_qc_d63a251_v1/transmission/candidate_corridors.csv,True,True,65820.0,aac273c1e576eb13b58f1e9296a862102cafefbaafdedab77e91c8e8387311cb,sha256_file,"Allowed interprovincial AC/DC corridors, existing capacity and costs",D:\codeenv\pycharmproject\National_RL\National_model\data\transmission\candidate_corridors.csv,True,True,65820.0,aac273c1e576eb13b58f1e9296a862102cafefbaafdedab77e91c8e8387311cb,sha256_file,"Allowed interprovincial AC/DC corridors, existing capacity and costs",both,True
model_table,vre/existing_capacity_cohorts_2025.csv,/publicfs01/fs1-a8/home/a8s001819/National_model_cloud/20260805_power_curve_v3_qc_3cb3939_v2/data/model_ready_20260805_power_curve_v3_qc_d63a251_v1/vre/existing_capacity_cohorts_2025.csv,True,True,1858671.0,e00791ec9597897da80377458d6acefdc481ef1708c0f86d68adb2a5576f92d0,sha256_file,Traceable observed 2025 VRE cohorts with GEM start years and boundary-censored unknown-age capacity,D:\codeenv\pycharmproject\National_RL\National_model\data\vre\existing_capacity_cohorts_2025.csv,True,True,1858671.0,e00791ec9597897da80377458d6acefdc481ef1708c0f86d68adb2a5576f92d0,sha256_file,Traceable observed 2025 VRE cohorts with GEM start years and boundary-censored unknown-age capacity,both,True
model_table,vre/hourly_cf_index.csv,/publicfs01/fs1-a8/home/a8s001819/National_model_cloud/20260805_power_curve_v3_qc_3cb3939_v2/data/model_ready_20260805_power_curve_v3_qc_d63a251_v1/vre/hourly_cf_index.csv,True,True,10231.0,fcdd4be53b4ccc3eb72ed2c1dc502e3b431e3b2a775b651f7401a8d229b5b2d6,sha256_file,Weather-year capacity-factor store index and time metadata,D:\codeenv\pycharmproject\National_RL\National_model\data\vre\hourly_cf_index.csv,True,True,10231.0,fcdd4be53b4ccc3eb72ed2c1dc502e3b431e3b2a775b651f7401a8d229b5b2d6,sha256_file,Weather-year capacity-factor store index and time metadata,both,True
model_table,vre/optimization_points.csv,/publicfs01/fs1-a8/home/a8s001819/National_model_cloud/20260805_power_curve_v3_qc_3cb3939_v2/data/model_ready_20260805_power_curve_v3_qc_d63a251_v1/vre/optimization_points.csv,True,True,6727712.0,0042fe90a23930ab06df524fde3fe4b7ec252ba55a7e7745e49054140c9e8878,sha256_file,"0.25-degree VRE capacity floors, scenario upper bounds and CCS sink fields",D:\codeenv\pycharmproject\National_RL\National_model\data\vre\optimization_points.csv,True,True,6727712.0,0042fe90a23930ab06df524fde3fe4b7ec252ba55a7e7745e49054140c9e8878,sha256_file,"0.25-degree VRE capacity floors, scenario upper bounds and CCS sink fields",both,True
model_table,wave/wave_sites.csv,/publicfs01/fs1-a8/home/a8s001819/National_model_cloud/20260805_power_curve_v3_qc_3cb3939_v2/data/model_ready_20260805_power_curve_v3_qc_d63a251_v1/wave/wave_sites.csv,True,True,226773.0,9b318630e4783a9453492ae6403ae9f3d108a9cec09499dd6f0acd961fdd79d3,sha256_file,,D:\codeenv\pycharmproject\National_RL\National_model\data\wave\wave_sites.csv,True,True,226773.0,9b318630e4783a9453492ae6403ae9f3d108a9cec09499dd6f0acd961fdd79d3,sha256_file,,both,True
scenario_model_table,wave/wave_sites.csv,/publicfs01/fs1-a8/home/a8s001819/National_model_cloud/20260805_power_curve_v3_qc_3cb3939_v2/data/model_ready_20260805_power_curve_v3_qc_d63a251_v1/wave/wave_sites.csv,True,True,226773.0,9b318630e4783a9453492ae6403ae9f3d108a9cec09499dd6f0acd961fdd79d3,sha256_file,,D:\codeenv\pycharmproject\National_RL\National_model\data\wave\wave_sites.csv,True,True,226773.0,9b318630e4783a9453492ae6403ae9f3d108a9cec09499dd6f0acd961fdd79d3,sha256_file,,both,True
scenario_validation_sidecar,wave/wave_input_manifest.json,/publicfs01/fs1-a8/home/a8s001819/National_model_cloud/20260805_power_curve_v3_qc_3cb3939_v2/data/model_ready_20260805_power_curve_v3_qc_d63a251_v1/wave/wave_input_manifest.json,True,True,3093.0,540d601070b093f0d991193ce606c861ab5b310b7a892ca9787a455b95405af9,sha256_file,,D:\codeenv\pycharmproject\National_RL\National_model\data\wave\wave_input_manifest.json,True,True,3093.0,540d601070b093f0d991193ce606c861ab5b310b7a892ca9787a455b95405af9,sha256_file,,both,True
technology_parameter_registry,config/technology_parameters.json,/publicfs01/fs1-a8/home/a8s001819/National_model_cloud/20260903_8760_stagea_final_2820fc3_v3/repo/config/technology_parameters.json,True,True,13171.0,f6ff7b0270fd15b125565b4517c042c4c82da6cee3c7ff309eb6d74e9bb916e5,sha256_file,,D:\codeenv\pycharmproject\National_RL\National_model\config\technology_parameters.json,True,True,13171.0,f6ff7b0270fd15b125565b4517c042c4c82da6cee3c7ff309eb6d74e9bb916e5,sha256_file,,both,True
validation_sidecar,README.md,/publicfs01/fs1-a8/home/a8s001819/National_model_cloud/20260805_power_curve_v3_qc_3cb3939_v2/data/model_ready_20260805_power_curve_v3_qc_d63a251_v1/README.md,False,True,3143.0,eb36ae248f7eb4e295388805c163ec58b04292683d5f5c847cbb9e23363f8c6a,sha256_file,,D:\codeenv\pycharmproject\National_RL\National_model\data\README.md,False,True,3143.0,eb36ae248f7eb4e295388805c163ec58b04292683d5f5c847cbb9e23363f8c6a,sha256_file,,both,True
validation_sidecar,flexibility/flexible_load_v4.manifest.json,/publicfs01/fs1-a8/home/a8s001819/National_model_cloud/20260805_power_curve_v3_qc_3cb3939_v2/data/model_ready_20260805_power_curve_v3_qc_d63a251_v1/flexibility/flexible_load_v4.manifest.json,False,True,3494.0,6a663d1247ef61eb58af87075fba545a244244eea03a5395efaf74712faae552,sha256_file,,D:\codeenv\pycharmproject\National_RL\National_model\data\flexibility\flexible_load_v4.manifest.json,False,True,3494.0,6a663d1247ef61eb58af87075fba545a244244eea03a5395efaf74712faae552,sha256_file,,both,True
validation_sidecar,flexibility/flexible_load_v5.manifest.json,/publicfs01/fs1-a8/home/a8s001819/National_model_cloud/20260805_power_curve_v3_qc_3cb3939_v2/data/model_ready_20260805_power_curve_v3_qc_d63a251_v1/flexibility/flexible_load_v5.manifest.json,False,True,2986.0,323f499d8c811ff5996e0e7502c8f70ac10626a54e6e93617c3357257a90fcba,sha256_file,,D:\codeenv\pycharmproject\National_RL\National_model\data\flexibility\flexible_load_v5.manifest.json,False,True,2986.0,323f499d8c811ff5996e0e7502c8f70ac10626a54e6e93617c3357257a90fcba,sha256_file,,both,True
validation_sidecar,hydro/classification_summary.csv,/publicfs01/fs1-a8/home/a8s001819/National_model_cloud/20260805_power_curve_v3_qc_3cb3939_v2/data/model_ready_20260805_power_curve_v3_qc_d63a251_v1/hydro/classification_summary.csv,False,True,809.0,c5a11163780bfbc4c5e272b6fb818218afe56f283ef1a39b41b77387bb0a8bee,sha256_file,,D:\codeenv\pycharmproject\National_RL\National_model\data\hydro\classification_summary.csv,False,True,809.0,c5a11163780bfbc4c5e272b6fb818218afe56f283ef1a39b41b77387bb0a8bee,sha256_file,,both,True
validation_sidecar,load/flexible_load_envelope_v3.manifest.json,/publicfs01/fs1-a8/home/a8s001819/National_model_cloud/20260805_power_curve_v3_qc_3cb3939_v2/data/model_ready_20260805_power_curve_v3_qc_d63a251_v1/load/flexible_load_envelope_v3.manifest.json,False,True,2210.0,966bf1dff45bf96a2b4e94b474d74389e980def61030088a570c84e67e3658a4,sha256_file,,D:\codeenv\pycharmproject\National_RL\National_model\data\load\flexible_load_envelope_v3.manifest.json,False,True,2210.0,966bf1dff45bf96a2b4e94b474d74389e980def61030088a570c84e67e3658a4,sha256_file,,both,True
validation_sidecar,model_defaults.json,/publicfs01/fs1-a8/home/a8s001819/National_model_cloud/20260805_power_curve_v3_qc_3cb3939_v2/data/model_ready_20260805_power_curve_v3_qc_d63a251_v1/model_defaults.json,False,True,2324.0,bde57d1b2e51530047a6a8eb622a725410e4f4d9797a428608b7e2cf1bb4f592,sha256_file,,D:\codeenv\pycharmproject\National_RL\National_model\data\model_defaults.json,False,True,2324.0,bde57d1b2e51530047a6a8eb622a725410e4f4d9797a428608b7e2cf1bb4f592,sha256_file,,both,True
validation_sidecar,output_manifest.csv,/publicfs01/fs1-a8/home/a8s001819/National_model_cloud/20260805_power_curve_v3_qc_3cb3939_v2/data/model_ready_20260805_power_curve_v3_qc_d63a251_v1/output_manifest.csv,False,True,8482.0,9179cba6b407a9377e9f219aa3bcf75eae2607b18f81f368cb6ad0071cb42be4,sha256_file,,D:\codeenv\pycharmproject\National_RL\National_model\data\output_manifest.csv,False,True,36250.0,699519e9192f5b01c5e12bb35a1e33791140223da394cd3ca7b6be5654a73d8d,sha256_file,,both,False
validation_sidecar,qc_summary.csv,/publicfs01/fs1-a8/home/a8s001819/National_model_cloud/20260805_power_curve_v3_qc_3cb3939_v2/data/model_ready_20260805_power_curve_v3_qc_d63a251_v1/qc_summary.csv,False,True,8912.0,34e944d82dc8530fdbc8724d441fee6a64f3ea822b5f94c46287e19bc4bdfa20,sha256_file,,D:\codeenv\pycharmproject\National_RL\National_model\data\qc_summary.csv,False,True,8912.0,34e944d82dc8530fdbc8724d441fee6a64f3ea822b5f94c46287e19bc4bdfa20,sha256_file,,both,True
validation_sidecar,smoke_test_report.json,/publicfs01/fs1-a8/home/a8s001819/National_model_cloud/20260805_power_curve_v3_qc_3cb3939_v2/data/model_ready_20260805_power_curve_v3_qc_d63a251_v1/smoke_test_report.json,False,True,21590.0,94e1954d2d58a8faa0c20714312cf3493b127da054a857251661deadbe75595f,sha256_file,,D:\codeenv\pycharmproject\National_RL\National_model\data\smoke_test_report.json,False,True,22529.0,9a643fbb85e3e1994764e729a7dd52e5a01aad5b164175dad8d46a323f9e4329,sha256_file,,both,False
validation_sidecar,source_manifest.csv,/publicfs01/fs1-a8/home/a8s001819/National_model_cloud/20260805_power_curve_v3_qc_3cb3939_v2/data/model_ready_20260805_power_curve_v3_qc_d63a251_v1/source_manifest.csv,False,True,9725.0,4d2601f9c62c01e5ebf42568ca4803ae2243a31e182b2c0e03eb9846008324e2,sha256_file,,D:\codeenv\pycharmproject\National_RL\National_model\data\source_manifest.csv,False,True,9725.0,4d2601f9c62c01e5ebf42568ca4803ae2243a31e182b2c0e03eb9846008324e2,sha256_file,,both,True
validation_sidecar,technology/technoeconomic_price_basis_manifest.json,/publicfs01/fs1-a8/home/a8s001819/National_model_cloud/20260805_power_curve_v3_qc_3cb3939_v2/data/model_ready_20260805_power_curve_v3_qc_d63a251_v1/technology/technoeconomic_price_basis_manifest.json,False,True,3275.0,397297ec3980ffb38988a0463f934e310f228cbe48268d59ce38c7fa8350ec75,sha256_file,Auditable production marker for technoeconomic_2025_cny_v2 conversion,D:\codeenv\pycharmproject\National_RL\National_model\data\technology\technoeconomic_price_basis_manifest.json,False,True,3275.0,397297ec3980ffb38988a0463f934e310f228cbe48268d59ce38c7fa8350ec75,sha256_file,Auditable production marker for technoeconomic_2025_cny_v2 conversion,both,True
validation_sidecar,vre/existing_capacity_cohorts_2025_manifest.json,/publicfs01/fs1-a8/home/a8s001819/National_model_cloud/20260805_power_curve_v3_qc_3cb3939_v2/data/model_ready_20260805_power_curve_v3_qc_d63a251_v1/vre/existing_capacity_cohorts_2025_manifest.json,False,True,2645.0,8c6b9a7069d4883212793ca1012f600b54ff7c20d8f48834e7f7c60d058539d2,sha256_file,,D:\codeenv\pycharmproject\National_RL\National_model\data\vre\existing_capacity_cohorts_2025_manifest.json,False,True,2645.0,8c6b9a7069d4883212793ca1012f600b54ff7c20d8f48834e7f7c60d058539d2,sha256_file,,both,True
validation_sidecar,wave/wave_input_manifest.json,/publicfs01/fs1-a8/home/a8s001819/National_model_cloud/20260805_power_curve_v3_qc_3cb3939_v2/data/model_ready_20260805_power_curve_v3_qc_d63a251_v1/wave/wave_input_manifest.json,False,True,3093.0,540d601070b093f0d991193ce606c861ab5b310b7a892ca9787a455b95405af9,sha256_file,,D:\codeenv\pycharmproject\National_RL\National_model\data\wave\wave_input_manifest.json,False,True,3093.0,540d601070b093f0d991193ce606c861ab5b310b7a892ca9787a455b95405af9,sha256_file,,both,True
