hydrochn_row_id,maximum_absolute_residual_m3,maximum_residual_hour_index,hours_above_1m3,hours_above_10m3
HydroCHN_00000,4.375184641633445e-05,5563,0,0
HydroCHN_00001,0.038998539128543674,1560,0,0
HydroCHN_00002,0.0011291383497727854,6946,0,0
HydroCHN_00003,0.01272452606391726,5775,0,0
HydroCHN_00004,0.020697141069844736,2845,0,0
HydroCHN_00005,0.005464128276614216,1511,0,0
HydroCHN_00006,0.0014648232076110435,2661,0,0
HydroCHN_00007,0.0002870780502537487,745,0,0
HydroCHN_00008,8.777353777365479e-05,520,0,0
HydroCHN_00009,8.587812772020698e-07,6608,0,0
HydroCHN_00011,0.000283801633419567,8170,0,0
HydroCHN_00012,0.0004263245183851686,3458,0,0
HydroCHN_00014,1.6745179891586304e-06,5489,0,0
HydroCHN_00015,0.0027603250842791124,3598,0,0
HydroCHN_00016,2.253764250781387e-07,5442,0,0
HydroCHN_00018,0.024079689524746057,6823,0,0
HydroCHN_00019,0.0006415037911759874,5865,0,0
HydroCHN_00020,1.0849907994270325e-07,5544,0,0
HydroCHN_00021,0.002560051915021233,6056,0,0
HydroCHN_00022,0.00010450890202087781,6300,0,0
HydroCHN_00023,2.9435796022880822e-08,5475,0,0
HydroCHN_00024,7.255730452015996e-07,5840,0,0
HydroCHN_00025,6.788322934880853e-07,6802,0,0
HydroCHN_00026,6.419431883841753e-07,7660,0,0
HydroCHN_00027,0.007384278584964765,7546,0,0
HydroCHN_00028,0.009135443271497793,3337,0,0
HydroCHN_00029,1.1577503755688667e-07,7695,0,0
HydroCHN_00030,0.00014913145928603655,66,0,0
HydroCHN_00031,4.7602952690795064e-07,1756,0,0
HydroCHN_00032,2.2208041627891362e-07,8635,0,0
HydroCHN_00033,0.0010806409536281703,2047,0,0
HydroCHN_00034,2.011420316967022e-05,4799,0,0
HydroCHN_00035,9.669060636952054e-05,2158,0,0
HydroCHN_00039,2.367523848079145e-07,427,0,0
HydroCHN_00040,0.002535543654789134,2852,0,0
HydroCHN_00041,0.000452403250362627,7597,0,0
HydroCHN_00042,0.0014216230376047773,5935,0,0
HydroCHN_00043,0.0006963028066698657,1454,0,0
HydroCHN_00044,2.1816883755132466e-07,641,0,0
HydroCHN_00045,7.514063327107579e-08,5999,0,0
HydroCHN_00046,0.002401876490932542,1414,0,0
HydroCHN_00047,1.5303368983143883e-07,1366,0,0
HydroCHN_00048,9.312852670854965e-05,4448,0,0
HydroCHN_00049,0.0016787836068746786,4151,0,0
HydroCHN_00050,0.006711728857043561,5557,0,0
HydroCHN_00051,0.00890316943971775,4259,0,0
HydroCHN_00052,0.00044125292632103685,2056,0,0
HydroCHN_00053,0.0021037711312164795,1422,0,0
HydroCHN_00054,4.778961956018735e-06,2769,0,0
HydroCHN_00055,3.820168785750866e-07,5671,0,0
HydroCHN_00056,1.00617036578321e-05,7669,0,0
HydroCHN_00057,5.346684886498032e-08,442,0,0
HydroCHN_00058,3.1518720788881183e-07,6822,0,0
HydroCHN_00059,4.206085577607155e-07,4830,0,0
HydroCHN_00060,0.003988909198032742,2834,0,0
HydroCHN_00061,0.0009064514372445348,4113,0,0
HydroCHN_00062,1.3714373907854072e-05,7768,0,0
HydroCHN_00063,0.0008474887875977201,3592,0,0
HydroCHN_00064,0.0006469357301605114,4777,0,0
HydroCHN_00065,4.2378087528049946e-07,5478,0,0
HydroCHN_00066,1.786247594282031e-09,7764,0,0
HydroCHN_00067,3.5080579394164424e-07,5129,0,0
HydroCHN_00068,0.003089530189854299,5134,0,0
HydroCHN_00069,2.8645445127040148e-08,6034,0,0
HydroCHN_00070,0.0003867623182947366,3332,0,0
HydroCHN_00071,3.3233082957773163e-07,6875,0,0
HydroCHN_00072,0.0010228985806487872,4176,0,0
HydroCHN_00075,9.227078408002853e-07,8264,0,0
HydroCHN_00077,0.000144698225093505,2011,0,0
HydroCHN_00078,2.2554741008207202e-07,7483,0,0
HydroCHN_00079,2.710919488890795e-09,6726,0,0
HydroCHN_00080,0.003232308420137997,8518,0,0
HydroCHN_00081,0.001170496219867298,5066,0,0
HydroCHN_00082,0.0007559959648503617,5980,0,0
HydroCHN_00083,0.004988735380341508,1024,0,0
HydroCHN_00084,3.190725692547858e-07,7654,0,0
HydroCHN_00085,4.571217232518521e-08,4949,0,0
HydroCHN_00086,0.00015013375846484323,790,0,0
HydroCHN_00087,0.001092170486605648,2150,0,0
HydroCHN_00088,2.6754820858787554e-08,6804,0,0
HydroCHN_00089,6.897500004417884e-05,5644,0,0
HydroCHN_00090,2.426240826025605e-07,5463,0,0
HydroCHN_00091,3.7052052537234204e-09,1219,0,0
HydroCHN_00092,6.339576613131892e-05,2161,0,0
HydroCHN_00093,5.480069376062602e-08,6524,0,0
HydroCHN_00094,2.3618849809281528e-07,6906,0,0
HydroCHN_00095,0.0041447941726243664,2113,0,0
HydroCHN_00096,6.294948990630267e-05,1417,0,0
HydroCHN_00097,0.001253529423909966,969,0,0
HydroCHN_00098,2.2299354895949364e-07,7982,0,0
HydroCHN_00099,2.2005420552417831e-07,6568,0,0
HydroCHN_00100,7.111225386324804e-09,7508,0,0
HydroCHN_00101,0.0004905201458144104,5579,0,0
HydroCHN_00102,0.0013225896347067445,4347,0,0
HydroCHN_00103,5.677620529276339e-08,7786,0,0
HydroCHN_00104,0.00013346953221347185,2605,0,0
HydroCHN_00105,1.7357039239218608e-07,4611,0,0
HydroCHN_00107,0.00020117877393106137,1278,0,0
HydroCHN_00110,0.0003890273173497369,2879,0,0
HydroCHN_00111,0.0006899885042907228,2161,0,0
HydroCHN_00112,2.0491890512230881e-07,4264,0,0
HydroCHN_00113,6.487495166691837e-05,949,0,0
HydroCHN_00114,6.984919309616089e-09,6938,0,0
HydroCHN_00116,0.00019171424998432052,2433,0,0
HydroCHN_00118,8.496038850225318e-08,2280,0,0
HydroCHN_00119,0.002681368149183072,4456,0,0
HydroCHN_00120,0.0005215154059440841,1069,0,0
HydroCHN_00121,0.0044605583901310975,2128,0,0
HydroCHN_00122,6.379240629798832e-05,3553,0,0
HydroCHN_00123,3.042150638066232e-07,4439,0,0
HydroCHN_00124,3.140415238966909e-08,959,0,0
HydroCHN_00125,0.001600603299170389,6023,0,0
HydroCHN_00126,1.153278007537395e-07,6138,0,0
HydroCHN_00127,0.0004207789897918701,5837,0,0
HydroCHN_00128,0.00040577089412090206,7759,0,0
HydroCHN_00130,0.0003226095804835377,4740,0,0
HydroCHN_00131,3.859252366567034e-07,1940,0,0
HydroCHN_00133,0.000490162322098732,1894,0,0
HydroCHN_00135,1.5040313883218914e-08,5731,0,0
HydroCHN_00136,0.016446257463504095,2737,0,0
HydroCHN_00137,0.0002885781703993104,6206,0,0
HydroCHN_00138,0.00017524460165169176,2857,0,0
HydroCHN_00142,0.000590410177626996,5089,0,0
HydroCHN_00143,0.0006316930605714255,7166,0,0
HydroCHN_00144,0.000687734239681756,6256,0,0
HydroCHN_00145,0.0005474114090113502,1252,0,0
HydroCHN_00146,0.00014951570659217997,5979,0,0
HydroCHN_00148,5.502895472631053e-08,5673,0,0
HydroCHN_00149,0.0006403615705011523,5955,0,0
HydroCHN_00152,4.136898085435603e-05,6553,0,0
HydroCHN_00153,0.0005614620631686773,5656,0,0
HydroCHN_00154,1.2878473787392153e-08,1248,0,0
HydroCHN_00155,0.00010207854856242315,5052,0,0
HydroCHN_00156,7.490756227801487e-08,5076,0,0
HydroCHN_00158,9.271394047313808e-05,5182,0,0
HydroCHN_00159,0.00022412554605324986,7438,0,0
HydroCHN_00160,0.0008219632967883111,6527,0,0
HydroCHN_00162,0.0006629254005134644,7840,0,0
HydroCHN_00165,8.622555469628423e-08,6382,0,0
HydroCHN_00167,0.0016940155089503906,582,0,0
HydroCHN_00169,3.9053593692273125e-09,6029,0,0
HydroCHN_00170,1.0382791515439749e-07,4056,0,0
HydroCHN_00171,0.00012028249427929738,4345,0,0
HydroCHN_00172,2.2869632765321057e-07,3668,0,0
HydroCHN_00173,0.00017518350807565336,3613,0,0
HydroCHN_00176,2.8427166398614645e-08,4414,0,0
HydroCHN_00178,2.7742822816811952e-08,4057,0,0
HydroCHN_00181,0.0001996650027898672,3517,0,0
HydroCHN_00184,1.498888574369417e-08,1422,0,0
HydroCHN_00185,5.995088148136318e-08,8631,0,0
HydroCHN_00188,0.00016903758848212103,8017,0,0
HydroCHN_00191,2.0438528736121953e-07,4795,0,0
HydroCHN_00192,0.00025222022264673877,2644,0,0
HydroCHN_00193,8.252312477807777e-08,4671,0,0
HydroCHN_00194,1.2275589811316934e-07,4783,0,0
HydroCHN_00195,4.218869382275475e-05,6787,0,0
HydroCHN_00197,1.0610710887704045e-07,4404,0,0
HydroCHN_00199,4.224206509484407e-05,5608,0,0
HydroCHN_00200,3.023645611666126e-08,515,0,0
HydroCHN_00201,1.0047061879681074e-07,1363,0,0
HydroCHN_00202,0.0001426538019349867,8620,0,0
HydroCHN_00203,1.6532468775941334e-05,2769,0,0
HydroCHN_00205,0.00023000510747003822,4411,0,0
HydroCHN_00207,0.0004836156629760002,8536,0,0
HydroCHN_00208,0.00031500752730637127,1417,0,0
HydroCHN_00209,2.6942871045321226e-07,4726,0,0
HydroCHN_00210,0.00025466543535820896,2459,0,0
HydroCHN_00211,4.5170298057506386e-08,8168,0,0
HydroCHN_00215,2.91741850078249e-05,5551,0,0
HydroCHN_00218,0.00014729971845835188,6556,0,0
HydroCHN_00219,0.00038508253482494315,5073,0,0
HydroCHN_00220,7.2011516749626026e-09,1425,0,0
HydroCHN_00223,3.259629011154175e-09,5951,0,0
HydroCHN_00224,0.0005490737498955733,1786,0,0
HydroCHN_00225,3.953210442331212e-08,3563,0,0
HydroCHN_00226,2.8207613356201477e-08,4921,0,0
HydroCHN_00229,6.852871955045914e-05,36,0,0
HydroCHN_00232,0.00013739428431328027,1936,0,0
HydroCHN_00233,2.7326223062118515e-08,5483,0,0
HydroCHN_00234,8.606184564996511e-08,7727,0,0
HydroCHN_00237,3.215487320851196e-10,5651,0,0
HydroCHN_00239,2.9137651402777465e-08,3669,0,0
HydroCHN_00240,6.339558109688063e-05,538,0,0
HydroCHN_00242,2.873002813430503e-08,7028,0,0
HydroCHN_00243,0.00018879483598465557,5848,0,0
HydroCHN_00244,1.0332878108698651e-08,4971,0,0
HydroCHN_00246,5.270430847303942e-08,3693,0,0
HydroCHN_00248,3.291589223408664e-10,6787,0,0
HydroCHN_00249,1.6700102234423753e-07,5889,0,0
HydroCHN_00251,5.97228790866211e-08,1535,0,0
HydroCHN_00252,9.322558192081942e-08,5234,0,0
HydroCHN_00254,5.404420289067957e-08,1156,0,0
HydroCHN_00255,0.0012370357178943803,6394,0,0
HydroCHN_00256,0.00043065896579280727,8536,0,0
HydroCHN_00257,0.00033103613820015254,4378,0,0
HydroCHN_00262,3.725932149153954e-05,2709,0,0
HydroCHN_00266,0.00038559063950271977,520,0,0
HydroCHN_00268,0.00176417056928585,5826,0,0
HydroCHN_00270,1.2496554252505732e-07,7743,0,0
HydroCHN_00271,3.552464988842985e-10,4787,0,0
HydroCHN_00272,9.313225746154785e-10,5035,0,0
HydroCHN_00273,4.141753240372026e-08,794,0,0
HydroCHN_00274,3.4924596548080444e-10,5162,0,0
HydroCHN_00275,0.00022710079128318572,3895,0,0
HydroCHN_00276,0.000655338672074228,2533,0,0
HydroCHN_00277,4.194862412987277e-08,3961,0,0
HydroCHN_00279,4.8888978199101985e-08,4677,0,0
HydroCHN_00281,3.600731268704749e-09,4567,0,0
HydroCHN_00283,0.0007589059574228812,2278,0,0
HydroCHN_00284,2.050749453585965e-08,5217,0,0
HydroCHN_00285,1.6068756991671762e-07,4727,0,0
HydroCHN_00286,0.0002505404524172916,5032,0,0
HydroCHN_00287,7.011092655506701e-05,6337,0,0
HydroCHN_00288,1.7286705400465507e-10,5334,0,0
HydroCHN_00289,9.90905790280161e-05,1243,0,0
HydroCHN_00292,0.000328904884840886,1417,0,0
HydroCHN_00294,0.0020730924400982342,2881,0,0
HydroCHN_00296,1.1641532182693481e-10,5103,0,0
HydroCHN_00299,2.852342327608337e-09,1325,0,0
HydroCHN_00300,8.979682275533918e-11,3730,0,0
HydroCHN_00301,1.1950085365697305e-10,3569,0,0
HydroCHN_00302,1.690548145916182e-09,5359,0,0
HydroCHN_00303,2.3283064365386963e-10,5322,0,0
HydroCHN_00305,1.4022447647477065e-08,5580,0,0
HydroCHN_00306,4.6607532638853755e-08,735,0,0
HydroCHN_00308,5.5616715110271e-05,3853,0,0
HydroCHN_00310,6.984919309616089e-10,6229,0,0
HydroCHN_00311,2.4328429651773037e-05,1876,0,0
HydroCHN_00312,4.023149813292548e-08,5484,0,0
HydroCHN_00313,5.637350120046847e-08,366,0,0
HydroCHN_00314,1.1240874897566755e-10,4797,0,0
HydroCHN_00317,0.0002478811363380018,5689,0,0
HydroCHN_00319,0.00026259505588126925,2862,0,0
HydroCHN_00320,4.07148093017895e-10,8155,0,0
HydroCHN_00323,5.2023096941411495e-09,5180,0,0
HydroCHN_00324,1.1029563606879123e-07,1451,0,0
HydroCHN_00328,4.955932197958646e-08,1399,0,0
HydroCHN_00330,1.7242200556211174e-07,5639,0,0
HydroCHN_00332,3.4924596548080444e-10,4864,0,0
HydroCHN_00333,1.394401727417005e-08,5198,0,0
HydroCHN_00335,2.9657085842682562e-08,6622,0,0
HydroCHN_00336,0.0006594949950239348,6298,0,0
HydroCHN_00337,1.862645149230957e-09,4201,0,0
HydroCHN_00339,0.0002983158368682348,6580,0,0
HydroCHN_00340,1.3384001587568584e-08,1159,0,0
HydroCHN_00343,6.074208289130745e-10,5149,0,0
HydroCHN_00344,0.00016428067504833943,2311,0,0
HydroCHN_00346,0.0010230891836586764,6568,0,0
HydroCHN_00348,0.00040787671618476573,1474,0,0
HydroCHN_00349,7.350665631733477e-10,4176,0,0
HydroCHN_00351,2.150190994143486e-07,3909,0,0
HydroCHN_00354,5.605205721792572e-08,5584,0,0
HydroCHN_00355,2.787852920738132e-08,847,0,0
HydroCHN_00356,1.0625808499753475e-07,2987,0,0
HydroCHN_00357,1.0332314559491351e-08,4795,0,0
HydroCHN_00358,1.1279371392447501e-07,4954,0,0
HydroCHN_00360,6.774740768378251e-10,3161,0,0
HydroCHN_00362,2.296342529461981e-07,4492,0,0
HydroCHN_00364,0.00011050468310713768,4459,0,0
HydroCHN_00368,0.0006645673980438388,8115,0,0
HydroCHN_00369,7.251436362554209e-05,4098,0,0
HydroCHN_00371,5.185302143217996e-08,4871,0,0
HydroCHN_00372,5.1644865162181475e-08,4665,0,0
HydroCHN_00376,6.062954732592718e-06,1978,0,0
HydroCHN_00380,0.00017763355050326446,2005,0,0
HydroCHN_00381,3.0307048537459025e-10,4274,0,0
HydroCHN_00382,1.3183472091782278e-08,5326,0,0
HydroCHN_00383,2.7699122912006047e-08,7522,0,0
HydroCHN_00384,5.182937456993386e-08,1902,0,0
HydroCHN_00385,5.2280483942013234e-08,5015,0,0
HydroCHN_00386,2.2767587815053503e-10,6243,0,0
HydroCHN_00389,0.0004960322395382213,1789,0,0
HydroCHN_00390,2.3496227186114993e-10,5238,0,0
HydroCHN_00391,7.838785176517149e-11,5043,0,0
HydroCHN_00393,2.7581878780935654e-08,533,0,0
HydroCHN_00395,3.2597546884005624e-10,3446,0,0
HydroCHN_00396,0.0002023544963847268,3860,0,0
HydroCHN_00398,1.8087833453250823e-09,2100,0,0
HydroCHN_00399,4.65993910125917e-10,5836,0,0
HydroCHN_00401,2.0256218924430414e-10,2981,0,0
HydroCHN_00402,1.2413672312305835e-08,4391,0,0
HydroCHN_00405,2.509938923367372e-10,4147,0,0
HydroCHN_00409,1.521603151810602e-08,1456,0,0
HydroCHN_00410,2.7359241983049287e-08,4651,0,0
HydroCHN_00414,3.289900638026033e-08,6660,0,0
HydroCHN_00415,1.1641532182693481e-10,5296,0,0
HydroCHN_00416,5.689293547384011e-08,2129,0,0
HydroCHN_00417,2.8222896020224653e-08,5067,0,0
HydroCHN_00421,1.463367857790221e-05,7878,0,0
HydroCHN_00422,6.096598781368812e-10,5398,0,0
HydroCHN_00425,8.389577900044798e-05,691,0,0
HydroCHN_00426,2.0585864957123334e-10,8169,0,0
HydroCHN_00427,2.0426095884151785e-10,2961,0,0
HydroCHN_00428,6.854538270317789e-09,8185,0,0
HydroCHN_00429,6.712988165347156e-09,6016,0,0
HydroCHN_00431,4.248571494613884e-10,3516,0,0
HydroCHN_00432,3.5186843438950177e-09,7598,0,0
HydroCHN_00433,8.798490771247391e-05,1711,0,0
HydroCHN_00436,2.768177864709287e-08,3474,0,0
HydroCHN_00437,0.0005093880286633715,5029,0,0
HydroCHN_00438,0.0003269940811751748,6736,0,0
HydroCHN_00439,1.2805901450363422e-08,8736,0,0
HydroCHN_00441,3.588345357459846e-05,442,0,0
HydroCHN_00443,2.80321799106531e-08,1372,0,0
HydroCHN_00448,5.4654265113640577e-08,1408,0,0
HydroCHN_00450,4.757293936563656e-08,4891,0,0
HydroCHN_00456,0.00013728952178458653,6553,0,0
HydroCHN_00459,4.656612873077393e-10,4680,0,0
HydroCHN_00460,0.0003414897867219935,7405,0,0
HydroCHN_00463,0.00014878510174702597,1114,0,0
HydroCHN_00464,2.3283064365386963e-10,6134,0,0
HydroCHN_00465,3.579808227627268e-09,7719,0,0
HydroCHN_00470,1.6757635695752171e-09,2914,0,0
HydroCHN_00473,0.0017211063262242976,8536,0,0
HydroCHN_00474,1.3924679187482525e-08,741,0,0
HydroCHN_00475,0.0008337842528423622,3625,0,0
HydroCHN_00477,2.3562841955371283e-10,4978,0,0
HydroCHN_00482,2.5055911789806373e-09,4430,0,0
HydroCHN_00484,2.681002087001616e-08,4689,0,0
HydroCHN_00486,3.015901484104688e-08,4366,0,0
HydroCHN_00487,9.75680469750273e-08,4843,0,0
HydroCHN_00489,9.786162991076708e-10,6145,0,0
HydroCHN_00490,6.398690599129786e-05,3157,0,0
HydroCHN_00491,1.164131617770181e-07,5271,0,0
HydroCHN_00493,2.6426278054714203e-08,5359,0,0
HydroCHN_00494,2.184389752413196e-10,4341,0,0
HydroCHN_00497,8.731149137020111e-11,5226,0,0
HydroCHN_00504,1.6409509853147763e-05,3537,0,0
HydroCHN_00506,6.620948234115076e-11,4893,0,0
HydroCHN_00509,1.3401857845707354e-08,1361,0,0
HydroCHN_00514,0.0001845282860224182,2161,0,0
HydroCHN_00520,2.3165258600243988e-10,4840,0,0
HydroCHN_00522,8.952156349550933e-08,5378,0,0
HydroCHN_00523,1.6931915315376855e-05,5833,0,0
HydroCHN_00526,6.645659482472366e-05,2484,0,0
HydroCHN_00528,0.03624875561697781,5927,0,0
HydroCHN_00529,6.4684856915242506e-09,5368,0,0
HydroCHN_00530,8.221089068602416e-06,4216,0,0
HydroCHN_00534,2.0512480602974392e-10,5297,0,0
HydroCHN_00536,7.488415576517582e-08,4962,0,0
HydroCHN_00538,5.470922104233722e-08,166,0,0
HydroCHN_00548,2.2744671368535307e-08,2901,0,0
HydroCHN_00549,1.1055549431482348e-07,4848,0,0
HydroCHN_00553,2.8415381159163644e-09,1415,0,0
HydroCHN_00556,1.4318582763905852e-08,4793,0,0
HydroCHN_00557,0.00022923438021360543,2862,0,0
HydroCHN_00559,5.578344719481265e-08,4466,0,0
HydroCHN_00563,3.448181320472865e-05,2993,0,0
HydroCHN_00565,2.895059347807205e-08,7968,0,0
HydroCHN_00572,3.2795570703569865e-09,3001,0,0
HydroCHN_00578,4.346388249309996e-10,6376,0,0
HydroCHN_00580,4.797402652911842e-08,4818,0,0
HydroCHN_00582,0.0004202670869153484,4978,0,0
HydroCHN_00587,0.0003910678177686186,5827,0,0
HydroCHN_00596,1.9072879275938703e-08,5395,0,0
HydroCHN_00603,2.864100029364991e-08,6349,0,0
HydroCHN_00604,2.773912033404713e-08,1259,0,0
HydroCHN_00606,1.3565312650953842e-08,1121,0,0
HydroCHN_00610,0.00042157072293705355,6337,0,0
HydroCHN_00612,1.147144939750433e-05,2881,0,0
HydroCHN_00616,1.1177266823203524e-07,2884,0,0
HydroCHN_00618,2.6597975377740113e-08,7803,0,0
HydroCHN_00621,3.608420229284093e-08,1462,0,0
HydroCHN_00626,5.3998519433662295e-08,7798,0,0
HydroCHN_00628,9.257900142195519e-06,7545,0,0
HydroCHN_00630,1.9753083405221056e-05,2237,0,0
HydroCHN_00639,1.0954193629886949e-05,2660,0,0
HydroCHN_00642,2.2247890196780418e-08,5380,0,0
HydroCHN_00643,2.490025963197695e-09,7173,0,0
HydroCHN_00646,2.6237103156745434e-08,4463,0,0
HydroCHN_00647,2.276969446324273e-10,4274,0,0
HydroCHN_00649,4.7479255207670545e-06,2728,0,0
HydroCHN_00650,3.7032350519439206e-09,2183,0,0
HydroCHN_00653,6.221125659067184e-08,5461,0,0
HydroCHN_00663,9.815947983160545e-06,7152,0,0
HydroCHN_00667,6.984919309616089e-10,5076,0,0
HydroCHN_00670,1.9904105030832397e-08,5343,0,0
HydroCHN_00673,2.8058599249591865e-08,1114,0,0
HydroCHN_00678,1.3376848073676229e-08,1751,0,0
HydroCHN_00679,6.659661266894545e-09,3053,0,0
HydroCHN_00682,9.458744898438454e-11,4556,0,0
HydroCHN_00685,3.366829690043538e-09,1364,0,0
HydroCHN_00692,3.5591196378970125e-09,4133,0,0
HydroCHN_00693,9.571232852377543e-05,1420,0,0
HydroCHN_00694,2.833597645413022e-08,3809,0,0
HydroCHN_00695,2.5158897187793627e-08,6018,0,0
HydroCHN_00698,0.0005747695608985803,6403,0,0
HydroCHN_00703,1.6769186039766737e-09,6921,0,0
HydroCHN_00704,0.0001066634654852544,7270,0,0
HydroCHN_00710,0.0021854464010290786,1417,0,0
HydroCHN_00722,7.167058946322413e-09,1919,0,0
HydroCHN_00734,1.350136775142563e-05,2608,0,0
HydroCHN_00739,0.0005031430898047862,3439,0,0
HydroCHN_00740,0.00020415433576308206,3648,0,0
HydroCHN_00742,1.7679749618526586e-05,2374,0,0
HydroCHN_00744,0.0013860077467364729,2881,0,0
HydroCHN_00746,2.673277776921168e-08,1809,0,0
HydroCHN_00748,0.00010148889806282924,3991,0,0
HydroCHN_00750,4.125780353469999e-08,1192,0,0
HydroCHN_00752,0.001401047977838167,1662,0,0
HydroCHN_00753,0.00026704829251583684,5029,0,0
HydroCHN_00759,1.1816155165433884e-07,4511,0,0
HydroCHN_00763,7.4466015576035716e-09,3987,0,0
HydroCHN_00764,1.0828168139909167e-07,4803,0,0
HydroCHN_00766,3.3693824397218464e-09,1156,0,0
HydroCHN_00770,4.5229331391283267e-10,1314,0,0
HydroCHN_00772,1.7530794593767496e-09,5398,0,0
HydroCHN_00774,7.839256688235707e-09,4782,0,0
HydroCHN_00775,6.88578438712284e-09,3405,0,0
HydroCHN_00777,6.941721641950949e-10,2439,0,0
HydroCHN_00778,5.4623529029240725e-05,3481,0,0
HydroCHN_00788,4.933021335862264e-08,4836,0,0
HydroCHN_00791,0.0008296773114114531,4344,0,0
HydroCHN_00793,5.50062395632267e-08,3245,0,0
HydroCHN_00798,5.600440317055089e-08,3750,0,0
HydroCHN_00802,4.1631065261782396e-10,4665,0,0
HydroCHN_00803,0.0013656876960442682,745,0,0
HydroCHN_00805,1.5652913134545088e-06,5080,0,0
HydroCHN_00807,0.001737328161886778,2605,0,0
HydroCHN_00812,2.785267216864895e-08,4142,0,0
HydroCHN_00825,0.0003147071117363537,2383,0,0
HydroCHN_00827,2.4780835161664072e-08,2517,0,0
HydroCHN_00830,3.197871745186376e-09,6644,0,0
HydroCHN_00833,2.0383957202718683e-08,4163,0,0
HydroCHN_00835,0.013836578221738893,6207,0,0
HydroCHN_00838,6.479716462745588e-05,2065,0,0
HydroCHN_00840,0.0002977641896062949,2867,0,0
HydroCHN_00842,2.4318946651655238e-05,7461,0,0
HydroCHN_00843,0.010231468654597363,334,0,0
HydroCHN_00847,4.376303763820033e-10,24,0,0
HydroCHN_00861,0.00010758758650763339,1129,0,0
HydroCHN_00862,0.006611635111526459,6252,0,0
HydroCHN_00866,2.1867163013666868e-07,4601,0,0
HydroCHN_00867,2.51660914329932e-11,934,0,0
HydroCHN_00868,0.0017071042970979722,1,0,0
HydroCHN_00880,5.670268032886838e-09,1049,0,0
HydroCHN_00883,4.662888386519626e-08,4728,0,0
HydroCHN_00884,1.7898855730891228e-09,2035,0,0
HydroCHN_00886,0.00041230085581538123,1009,0,0
HydroCHN_00889,0.0009886710286268752,3739,0,0
HydroCHN_00891,0.00045708469169056243,5498,0,0
HydroCHN_00897,0.0017654779832959877,1534,0,0
HydroCHN_00901,2.4100854086179374e-05,1450,0,0
HydroCHN_00919,1.5839304978726432e-08,5167,0,0
HydroCHN_00923,0.000565821949313673,6256,0,0
HydroCHN_00924,1.3774524632026441e-08,5923,0,0
HydroCHN_00928,0.0018262675241868531,1255,0,0
HydroCHN_00944,4.481307769310661e-09,5977,0,0
HydroCHN_00952,0.0013866695196269596,484,0,0
HydroCHN_00953,0.00012852030562901517,6252,0,0
HydroCHN_00958,3.5512876805920968e-09,7964,0,0
HydroCHN_00968,9.025087326364201e-07,4887,0,0
HydroCHN_00969,1.4662800822407007e-06,5047,0,0
HydroCHN_00973,0.003265573248104614,8017,0,0
HydroCHN_00975,0.0005670746149984973,349,0,0
HydroCHN_00983,2.5179530682706286e-08,4628,0,0
HydroCHN_00990,0.00020851827032732084,8143,0,0
HydroCHN_00999,0.0006230145384161223,3919,0,0
HydroCHN_01026,0.00019071831949413198,4279,0,0
HydroCHN_01028,0.0005795811751974633,3208,0,0
HydroCHN_01031,3.6745506804436445e-05,3854,0,0
HydroCHN_01041,2.758042683126405e-08,1482,0,0
HydroCHN_01044,8.499086434632375e-10,4237,0,0
HydroCHN_01048,0.00470775194184217,3289,0,0
HydroCHN_01049,1.6876670997589827e-05,4,0,0
HydroCHN_01050,0.0006911031072014129,3841,0,0
HydroCHN_01052,0.004213154522702586,5159,0,0
HydroCHN_01058,0.0014303285553476375,2413,0,0
HydroCHN_01067,0.0006648423005737314,8668,0,0
HydroCHN_01069,0.014262805756317117,7668,0,0
HydroCHN_01070,1.8162193970994167e-09,2284,0,0
HydroCHN_01080,0.00039332030278908803,2864,0,0
HydroCHN_01085,5.1133107583541115e-05,2311,0,0
HydroCHN_01094,1.310263542109169e-08,4790,0,0
HydroCHN_01132,0.000505873898112616,6777,0,0
HydroCHN_01147,0.0027570181481097744,6961,0,0
HydroCHN_01154,5.662510071946514e-09,4262,0,0
HydroCHN_01167,6.984919309616089e-10,6363,0,0
HydroCHN_01178,0.001142473463016283,2161,0,0
HydroCHN_01185,0.0002483303212241772,4752,0,0
HydroCHN_01198,8.576607797294855e-07,4988,0,0
HydroCHN_01226,0.0013531422106116409,7765,0,0
HydroCHN_01233,0.0016623512824608527,5682,0,0
HydroCHN_01244,0.0005576343632616582,1909,0,0
HydroCHN_01248,0.005078309206624387,3853,0,0
HydroCHN_01262,4.282099080979429e-05,1933,0,0
HydroCHN_01285,0.009834048000962648,2924,0,0
HydroCHN_01350,6.824266165494919e-07,5516,0,0
HydroCHN_01378,4.160435711740573e-05,1597,0,0
HydroCHN_01379,6.577465683221817e-07,344,0,0
HydroCHN_01380,5.458650655931763e-07,4764,0,0
HydroCHN_01384,0.006127557747423906,5830,0,0
HydroCHN_01389,7.802884050808756e-05,6676,0,0
HydroCHN_01397,0.016634239730001193,2783,0,0
HydroCHN_01427,7.450580596923828e-09,1412,0,0
HydroCHN_01441,0.002008058573188202,5707,0,0
HydroCHN_01442,4.956091288477182e-07,4828,0,0
HydroCHN_01444,9.509131295638504e-05,1004,0,0
HydroCHN_01448,0.0001703843189675737,2056,0,0
HydroCHN_01454,1.0186340659856796e-09,4328,0,0
HydroCHN_01460,0.00034489272963784956,5530,0,0
HydroCHN_01476,2.8074865765503887e-09,3314,0,0
HydroCHN_01491,0.0005128193358976685,6415,0,0
HydroCHN_01520,0.0012930453232723044,2862,0,0
HydroCHN_01526,0.0011207589085610817,5005,0,0
HydroCHN_01540,0.0005660077792417617,5704,0,0
HydroCHN_01569,0.000489427380825358,1852,0,0
HydroCHN_01592,1.1116307874203812e-10,5141,0,0
HydroCHN_01601,0.004288250968807278,8035,0,0
HydroCHN_01615,4.825988109136148e-09,4234,0,0
HydroCHN_01655,0.0008894379233974625,7018,0,0
HydroCHN_01657,0.0018426851670936273,5833,0,0
HydroCHN_01658,4.277244443073869e-07,3982,0,0
HydroCHN_01659,0.004759079187351745,1020,0,0
HydroCHN_01665,4.3432079921412736e-07,4085,0,0
HydroCHN_01687,0.001975845387935618,6103,0,0
HydroCHN_01699,0.008464926447643802,876,0,0
HydroCHN_01701,0.00025028679873680126,8644,0,0
HydroCHN_01724,0.0007035930760699305,2251,0,0
HydroCHN_01749,4.852524520373297e-05,5833,0,0
HydroCHN_01756,9.917584975482896e-09,437,0,0
HydroCHN_01757,3.725290298461914e-09,4273,0,0
HydroCHN_01758,3.725290298461914e-09,4339,0,0
HydroCHN_01759,2.615877292555524e-09,475,0,0
HydroCHN_01760,3.570505668903934e-09,6354,0,0
HydroCHN_01761,5.587935447692871e-09,5076,0,0
HydroCHN_01762,5.587935447692871e-09,4908,0,0
HydroCHN_01763,1.3969838619232178e-09,5956,0,0
HydroCHN_01764,9.313225746154785e-10,6028,0,0
HydroCHN_01766,6.543275157810946e-09,1224,0,0
HydroCHN_01767,7.391087741837055e-09,605,0,0
HydroCHN_01768,3.725290298461914e-09,4912,0,0
HydroCHN_01769,3.725290298461914e-09,4833,0,0
HydroCHN_01770,2.7939677238464355e-09,4204,0,0
HydroCHN_01771,3.725290298461914e-09,4924,0,0
HydroCHN_01772,3.725290298461914e-09,4316,0,0
HydroCHN_01773,2.7939677238464355e-09,4297,0,0
HydroCHN_01774,3.725290298461914e-09,4926,0,0
HydroCHN_01775,3.725290298461914e-09,5014,0,0
HydroCHN_01776,1.862645149230957e-09,4270,0,0
HydroCHN_01777,2.7939677238464355e-09,4839,0,0
HydroCHN_01778,1.862645149230957e-09,4281,0,0
HydroCHN_01779,3.358763933647424e-09,1137,0,0
HydroCHN_01780,1.2742020771838725e-09,7764,0,0
HydroCHN_01781,6.9663883550674655e-09,2916,0,0
HydroCHN_01782,2.7939677238464355e-09,4323,0,0
HydroCHN_01783,2.7939677238464355e-09,5128,0,0
HydroCHN_01784,1.862645149230957e-09,4302,0,0
HydroCHN_01785,1.862645149230957e-09,4333,0,0
HydroCHN_01786,3.725290298461914e-09,4904,0,0
HydroCHN_01787,1.862645149230957e-09,4779,0,0
HydroCHN_01788,2.8065014312517178e-08,741,0,0
HydroCHN_01789,7.05040292814374e-09,442,0,0
HydroCHN_01790,3.725290298461914e-09,4314,0,0
HydroCHN_01791,1.862645149230957e-09,4214,0,0
HydroCHN_01792,1.862645149230957e-09,4218,0,0
HydroCHN_01793,3.725290298461914e-09,5127,0,0
HydroCHN_01794,3.725290298461914e-09,4907,0,0
HydroCHN_01795,2.5341432774439454e-07,6309,0,0
HydroCHN_01796,5.587935447692871e-09,4229,0,0
HydroCHN_01797,1.862645149230957e-09,4789,0,0
HydroCHN_01798,1.862645149230957e-09,4811,0,0
HydroCHN_01799,2.959097855637083e-09,1196,0,0
HydroCHN_01800,1.862645149230957e-09,4300,0,0
HydroCHN_01801,3.397815362404799e-09,523,0,0
HydroCHN_01802,4.8218934400878766e-09,1256,0,0
HydroCHN_01803,1.3969838619232178e-09,4726,0,0
HydroCHN_01804,3.725290298461914e-09,4865,0,0
HydroCHN_01805,5.587935447692871e-09,4329,0,0
HydroCHN_01806,3.5176412893633824e-09,1187,0,0
HydroCHN_01807,6.433197086153086e-09,1671,0,0
HydroCHN_01808,1.862645149230957e-09,4342,0,0
HydroCHN_01809,1.862645149230957e-09,4821,0,0
HydroCHN_01810,2.7939677238464355e-09,4304,0,0
HydroCHN_01811,1.862645149230957e-09,4316,0,0
HydroCHN_01812,1.862645149230957e-09,4824,0,0
HydroCHN_01813,2.7939677238464355e-09,4892,0,0
HydroCHN_01814,1.862645149230957e-09,4276,0,0
HydroCHN_01815,2.7939677238464355e-09,5167,0,0
HydroCHN_01816,1.3969838619232178e-09,4310,0,0
HydroCHN_01817,6.51925802230835e-09,7039,0,0
HydroCHN_01818,3.725290298461914e-09,5085,0,0
HydroCHN_01819,1.862645149230957e-09,4732,0,0
HydroCHN_01820,1.862645149230957e-09,4669,0,0
HydroCHN_01821,3.725290298461914e-09,5103,0,0
HydroCHN_01822,1.3969838619232178e-09,4713,0,0
HydroCHN_01823,7.450580596923828e-09,6639,0,0
HydroCHN_01824,2.7939677238464355e-09,4883,0,0
HydroCHN_01825,7.450580596923828e-09,5026,0,0
HydroCHN_01826,1.862645149230957e-09,4748,0,0
HydroCHN_01827,3.725290298461914e-09,5074,0,0
HydroCHN_01828,4.422138921711394e-08,1276,0,0
HydroCHN_01829,1.862645149230957e-09,4297,0,0
HydroCHN_01830,3.725290298461914e-09,4311,0,0
HydroCHN_01831,1.3969838619232178e-09,4553,0,0
HydroCHN_01832,1.8156924852519296e-09,1163,0,0
HydroCHN_01833,5.587935447692871e-09,4317,0,0
HydroCHN_01834,4.4698253987007774e-09,8426,0,0
HydroCHN_01835,2.7939677238464355e-09,5092,0,0
HydroCHN_01837,1.862645149230957e-09,4790,0,0
HydroCHN_01838,2.7939677238464355e-09,5172,0,0
HydroCHN_01839,0.0005063022040508042,2881,0,0
HydroCHN_01840,0.00010824320241050595,1828,0,0
HydroCHN_01841,2.7939677238464355e-09,5840,0,0
HydroCHN_01842,1.862645149230957e-09,5090,0,0
HydroCHN_01843,4.597975039599689e-08,350,0,0
HydroCHN_01844,1.56724127009511e-08,7713,0,0
HydroCHN_01845,6.792106432840228e-09,5552,0,0
HydroCHN_01846,1.862645149230957e-09,4311,0,0
HydroCHN_01847,3.725290298461914e-09,5136,0,0
HydroCHN_01848,2.7939677238464355e-09,4898,0,0
HydroCHN_01850,1.1175870895385742e-08,4120,0,0
HydroCHN_01851,3.725290298461914e-09,4969,0,0
HydroCHN_01852,7.450580596923828e-09,4303,0,0
HydroCHN_01853,2.7939677238464355e-09,4294,0,0
HydroCHN_01854,3.725290298461914e-09,4965,0,0
HydroCHN_01881,0.0008206484500604683,4345,0,0
HydroCHN_01887,0.0005485924025073682,1936,0,0
HydroCHN_01945,6.984919309616089e-10,3599,0,0
HydroCHN_01987,2.8006021113302637e-10,6219,0,0
