reservoir_index,selected_hour,weather_hour,hydrochn_row_id,name,residual_m3,residual_energy_equivalent_kwh,local_inflow_m3s,storage_m3,physical_storage_upper_m3
471,1,3961,HydroCHN_01080,Gaofengshan hydroelectric plant,-1313.7949830255552,176.0252839731446,0.0,422193710.850364,3354936947.0
344,4,3964,HydroCHN_00556,Huangtankou hydroelectric plant,-108.9981665465716,10.219864292106335,0.0,19987014.233728457,39974692.26
0,14,3974,HydroCHN_00000,,-4.132975110749612,10.489368159922783,293.716796875,5935503228.365459,44779949240.0
0,18,3978,HydroCHN_00000,,3.9742818347995126,10.086609335749051,328.55224609375,5935503232.575305,44779949240.0
0,19,3979,HydroCHN_00000,,-3.632776136094435,9.219878008693101,328.55224609375,5935503228.977003,44779949240.0
0,13,3973,HydroCHN_00000,,3.398673801312725,8.625733231426954,293.716796875,5935503232.472508,44779949240.0
471,23,3983,HydroCHN_01080,Gaofengshan hydroelectric plant,-3.2030230888939286,0.4291484258043674,0.12191185584435095,422195024.72173,3354936947.0
0,0,3960,HydroCHN_00000,,-2.7832031371040102,7.06368695349849,216.949462890625,5935503228.516322,44779949240.0
0,15,3975,HydroCHN_00000,,2.762199799829432,7.010381106897317,310.5439453125,5935503231.172245,44779949240.0
438,1,3961,HydroCHN_00886,Guizhou Tongzihe Yangjiayuan hydroelectric plant,-2.6567111740821474,0.2522978975356787,0.0,497278770.10887337,4834348664.0
0,23,3983,HydroCHN_00000,,2.5884048982698005,6.5692948051591324,347.93603515625,5935503231.255104,44779949240.0
0,22,3982,HydroCHN_00000,,-2.30796009595997,5.857534220801045,347.93603515625,5935503228.409302,44779949240.0
0,1,3961,HydroCHN_00000,,2.101937952118078,5.334656134689799,216.949462890625,5935503230.664931,44779949240.0
44,1,3961,HydroCHN_00050,Liujiaxia hydroelectric plant,2.0930186879092787,0.509035226266336,0.0,532193221.173359,2878177843.0
0,12,3972,HydroCHN_00000,,-1.8898230193399286,4.796314731098879,293.716796875,5935503229.049618,44779949240.0
0,16,3976,HydroCHN_00000,,-1.7712561941343665,4.495395647918438,310.5439453125,5935503229.435727,44779949240.0
0,10,3970,HydroCHN_00000,,1.6887328376978985,4.2859538186649235,276.600830078125,5935503231.152158,44779949240.0
0,9,3969,HydroCHN_00000,,-1.5969120317922716,4.052915338617013,276.600830078125,5935503229.413389,44779949240.0
0,4,3964,HydroCHN_00000,,-1.2161853524612525,3.0866423268534384,237.61669921875,5935503229.710775,44779949240.0
0,20,3980,HydroCHN_00000,,1.0955989237199901,2.780597549843402,328.55224609375,5935503230.025004,44779949240.0
