probe,status,full_cf_design,solve_seconds,barrier_iterations,objective,raw_max_row_violation,bound_violation,dual_violation,coefficient_min,coefficient_max,coefficient_ratio,min_bound,max_bound,master_qc,operational_qc,business_hard_checks,failed_business_checks,strict_acceptance,export_error,archive_error
capped_nf2_24h_s0_cross0,INCOMPLETE_ARTIFACT,False,,,,,,,,,,,,,,,,,,
capped_nf2_24h_s0_cross0_fullcf_final,SUBOPTIMAL,True,35.17199993133545,121,2122241.657083761,5.55667268740088e-05,3.0494928132528455e-06,9.45196829046608e-07,1.061571992977406e-06,6250.0,5887495187.651416,5.657607715647828e-11,993.9965363388008,HARD_FAIL,HARD_FAIL,59,unidirectional_interprovincial_flow;reservoir_transition,False,,
cleaned_nf2_168h_s0_cross0,OPTIMAL,False,507.6670000553131,150,2172393.5221726503,1.191470313903582e-06,1.636575870378465e-07,7.298103390437418e-07,3.699999999999999e-05,6249.999999999999,168918918.91891894,1e-12,6957.975754371606,NOT_EVALUATED,NOT_EVALUATED,0,,False,,
cleaned_nf2_168h_s0_cross0_fullcf,OPTIMAL,True,501.5309998989105,153,2172393.5210417146,5.153390983171956e-07,1.7798459650570626e-11,8.887991606741296e-07,3.699999999999999e-05,6249.999999999999,168918918.91891894,1e-12,6957.975754371606,HARD_FAIL,HARD_FAIL,59,unidirectional_interprovincial_flow,False,,
cleaned_nf2_168h_s0_cross2_fullcf_final,TIME_LIMIT,True,600.0839998722076,153,,,,,3.699999999999999e-05,6249.999999999999,168918918.91891894,5.5e-07,6957.975754371606,NOT_EVALUATED,NOT_EVALUATED,0,,False,,
cleaned_nf2_168h_s0_cross2_fullcf_final900,OPTIMAL,True,766.8539998531342,153,2172393.5133095817,8.808796452303405e-07,4.1374981517885834e-07,4.655633245587154e-07,3.699999999999999e-05,6249.999999999999,168918918.91891894,5.5e-07,6957.975754371606,PASS,PASS,59,,True,,
cleaned_nf2_24h_s0_cross0,INCOMPLETE_ARTIFACT,False,,,,,,,,,,,,,,,,,,
cleaned_nf2_24h_s0_cross0_fullcf,OPTIMAL,True,36.76800012588501,107,2122241.657583691,1.7683305486571044e-08,3.4856178273562355e-14,7.65381745455694e-07,3.699999999999999e-05,6250.0,168918918.91891897,1e-12,993.9965363388008,HARD_FAIL,PASS,59,,False,,
cleaned_nf2_24h_s0_cross0_v2,OPTIMAL,False,42.51600003242493,108,2122241.658592318,2.3937673176988028e-08,1.6929790902509012e-12,8.97777365901219e-07,3.699999999999999e-05,6250.0,168918918.91891897,1e-12,993.9965363388008,NOT_EVALUATED,NOT_EVALUATED,0,,False,,"GurobiError(10013, ""Unable to write to file 'D:/codeenv/pycharmproject/National_RL/National_model/supplementary_materials/reviews/numeric_repair_20260913/probes/cleaned_nf2_24h_s0_cross0_v2/model.mps.gz'"")"
cleaned_nf2_24h_s0_cross2_fullcf_final,OPTIMAL,True,41.53600001335144,107,2122241.656395637,1.77351466845721e-11,5.978988530396418e-12,9.999999999940612e-07,3.699999999999999e-05,6250.0,168918918.91891897,5.5e-07,993.9965363388008,PASS,PASS,59,,True,,
physical_nf1_24h_s0_cross0_fullcf,NUMERIC,True,13.997999906539917,141,,,,,1.061571992977406e-06,6250.0,5887495187.651416,1e-12,44779.94924,NOT_EVALUATED,NOT_EVALUATED,0,,False,,
physical_nf2_24h_s0_cross0,NUMERIC,False,41.104000091552734,136,,,,,1.061571992977406e-06,6250.0,5887495187.651416,1e-12,44779.94924,NOT_EVALUATED,NOT_EVALUATED,0,,False,,
physical_nf2_24h_s0_cross0_fullcf,NUMERIC,True,39.77500009536743,123,,,,,1.061571992977406e-06,6250.0,5887495187.651416,1e-12,44779.94924,NOT_EVALUATED,NOT_EVALUATED,0,,False,,
rows_nf1_24h_s0_cross0_fullcf,NUMERIC,True,14.799999952316284,147,,,,,1.061571992977406e-06,6250.0,5887495187.651416,1e-12,44779.94924,NOT_EVALUATED,NOT_EVALUATED,0,,False,,
