parameter,current,thermal,comparison,note
method,2,2,SAME,
barrier_convergence_tolerance,0.0001,0.0001,SAME,
crossover,0,0,SAME,
solution_target,1,1,SAME,
threads,44,44,SAME,
numeric_focus,2,1,DIFFERENT,
presolve,2,2,SAME,
scale_flag,2,2,SAME,
aggregate,1,1,SAME,
feasibility_tolerance,1e-06,1e-06,SAME,
optimality_tolerance,1e-06,1e-06,SAME,
markowitz_tolerance,0.01,0.01,SAME,
dual_reductions,1,1,SAME,
inf_unbd_info,0,0,SAME,
time_limit_seconds,900,,DIFFERENT,
soft_mem_limit_gb,,,SAME,
crossover_basis,1,,DIFFERENT,Thermal未显式设置，当前关闭Crossover，该项不启动基转换
