primal_objective,dual_objective,primal_inf_log,dual_inf_log,complementarity,member,iteration,log_runtime_seconds
4448320200000.0,-18742799100000.0,123000000000.0,82.9,5360000000.0,member_F,0,22845
4340749870000.0,-18797064400000.0,120000000000.0,4210.0,5180000000.0,member_F,1,23503
4154976880000.0,-18814005900000.0,115000000000.0,4330.0,4970000000.0,member_F,2,24285
3925901200000.0,-18830652300000.0,109000000000.0,4230.0,4740000000.0,member_F,3,25553
3807243280000.0,-18847439100000.0,106000000000.0,4120.0,4590000000.0,member_F,4,26747
3669980020000.0,-18853834200000.0,102000000000.0,4110.0,4460000000.0,member_F,5,27944
4235102160000.0,-18763095500000.0,123000000000.0,82.9,5360000000.0,member_S,0,15558
4132618840000.0,-18861952900000.0,120000000000.0,4180.0,5170000000.0,member_S,1,15950
3895349160000.0,-18888651300000.0,113000000000.0,4400.0,4950000000.0,member_S,2,16591
3645631350000.0,-18895936500000.0,106000000000.0,4500.0,4710000000.0,member_S,3,17232
3495989760000.0,-18915535000000.0,102000000000.0,4320.0,4530000000.0,member_S,4,17903
3304671480000.0,-19018374200000.0,96200000000.0,3930.0,4240000000.0,member_S,5,18649
