grid_uid,technology,rc_ratio,original_new_ub_gw,screened_out,headroom_gw
G000030551,onwind,-0.034854153854117,0.0,False,5.551115123125783e-17
G000038633,onwind,0.1592218269956008,0.0,False,1.1102230246251563e-16
G000018189,onwind,0.0462802689076738,0.0,False,1.1102230246251563e-16
G000020131,onwind,0.0655743489565646,0.0,False,2.220446049250313e-16
G000029415,upv,0.0189485377412447,0.0,False,1.1102230246251563e-16
G000029980,upv,-0.001575728260309,0.0,False,3.2844471586912505e-10
G000030533,upv,0.1597108317886239,0.0,False,9.714451465470121e-17
G000031660,upv,0.1460672766573118,0.0,False,1.1102230246251563e-16
G000031662,upv,0.1444686647934738,0.0,False,1.1102230246251563e-16
G000033049,upv,0.1983921708452161,0.0,False,5.551115123125783e-17
G000033050,upv,0.1661745009423223,0.0,False,8.326672684688674e-17
G000033644,upv,-0.0313680683822472,0.0,False,2.220446049250313e-16
G000036167,upv,0.0920565441800923,0.0,False,6.938893903907228e-18
G000036932,upv,0.1856746359227322,0.0,False,5.551115123125783e-17
G000040303,upv,0.1594575404692553,0.0,False,1.1102230246251563e-16
G000040614,upv,0.1981572018895791,0.0,False,8.326672684688674e-17
G000041197,upv,0.1303365485993358,0.0,False,1.1102230246251563e-16
G000041453,upv,0.1315590174533961,0.0,False,6.938893903907228e-18
G000041746,upv,0.1880144794027075,0.0,False,1.1102230246251563e-16
G000042299,upv,0.1669284088459733,0.0,False,2.775557561562892e-17
G000042303,upv,0.158197700615412,0.0,False,8.326672684688674e-17
G000042579,upv,0.1786318889617525,0.0,False,1.1102230246251563e-16
G000042866,upv,0.1410803807437242,0.0,False,5.551115123125783e-17
G000042873,upv,0.1374974593881891,0.0,False,1.1102230246251563e-16
G000043432,upv,0.0801817671513495,0.0,False,8.326672684688674e-17
G000044840,upv,0.1325019664179346,0.0,False,5.551115123125783e-17
G000017360,upv,0.0980224866903932,0.0,False,1.3877787807814457e-17
G000019602,upv,0.1174544961361422,0.0,False,5.551115123125783e-17
G000020410,upv,0.0572135067035723,0.0,False,5.657607715647828e-11
G000020411,upv,0.0577280311452056,0.0,False,4.3448356024100576e-10
G000020722,upv,0.1302456805139757,0.0,False,3.469446951953614e-18
G000024064,upv,0.0582956074208738,0.0,False,1.1102230246251563e-16
G000024065,upv,0.0556105616672343,0.0,False,8.326672684688674e-17
G000024625,upv,0.0432047652846216,0.0,False,5.551115123125783e-17
G000024915,upv,0.0125145234040756,0.0,False,9.714451465470121e-17
G000025192,upv,0.0240014340130324,0.0,False,1.3877787807814457e-17
G000025491,upv,0.0845705158177373,0.0,False,5.551115123125783e-17
G000026035,upv,0.0263745335903095,0.0,False,2.775557561562892e-17
G000026037,upv,0.0350603300890763,0.0,False,1.3877787807814457e-17
G000026309,upv,0.0211235391909618,0.0,False,5.551115123125783e-17
G000026876,upv,0.0346767008837743,0.0,False,6.938893903907228e-18
G000027153,upv,-0.0053424805548261,0.0,False,1.1102230246251563e-16
G000027159,upv,0.038609701802886,0.0,False,2.775557561562892e-17
G000027166,upv,0.0335037023578289,0.0,False,5.551115123125783e-17
G000027724,upv,0.0302664112119892,0.0,False,1.3877787807814457e-17
G000027733,upv,0.0899558207649825,0.0,False,1.3877787807814457e-17
G000028296,upv,-0.0160652487386164,0.0,False,2.8942080676497284e-10
G000028859,upv,-0.0085890483417505,0.0,False,5.551115123125783e-17
G000029142,upv,0.0129451276630142,0.0,False,2.1223078849885724e-10
G000029143,upv,0.0292852825544217,0.0,False,5.551115123125783e-17
G000032523,dpv,-0.0464170999850181,0.0,False,5.852501005011e-06
G000035334,dpv,0.013411677056997,0.0,False,3.721e-06
G000043148,dpv,0.0824516440973113,0.0,False,9.714451465470121e-17
G000013987,dpv,0.0321299222252429,0.0,False,6.052453754002568e-06
G000018439,dpv,0.1173776999403545,0.0,False,9.714451465470121e-17
G000022073,dpv,0.0110575498314637,0.0,False,8.326672684688674e-17
G000023483,dpv,0.0316029043011909,0.0,False,8.326672684688674e-17
