year,name,family,lb,ub,range,matrix_nnz,is_fixed
2040,"thermal_retrofit_to_ccs_gw[3,3]",thermal_retrofit_to_ccs_gw,0.0,2.220446049250313e-16,2.220446049250313e-16,2,0
2040,hydro_new_gw[1466],hydro_new_gw,0.0,1.4817349999751706e-08,1.4817349999751706e-08,1,0
2040,hydro_capacity_gw[1466],hydro_capacity_gw,0.01499998518265,0.015,1.4817349999751706e-08,14852,0
2040,hydro_new_gw[1496],hydro_new_gw,0.0,1.4917591099894434e-08,1.4917591099894434e-08,1,0
2040,hydro_capacity_gw[1496],hydro_capacity_gw,0.0149999850824089,0.015,1.4917591099894434e-08,14861,0
2040,hydro_new_gw[1538],hydro_new_gw,0.0,2.1220355800669055e-08,2.1220355800669055e-08,1,0
2040,hydro_capacity_gw[1538],hydro_capacity_gw,0.0139999787796442,0.014,2.1220355800669055e-08,14852,0
2040,hydro_new_gw[1349],hydro_new_gw,0.0,2.1744639699949886e-08,2.1744639699949886e-08,1,0
2040,hydro_capacity_gw[1349],hydro_capacity_gw,0.0192499782553603,0.01925,2.1744639699949886e-08,14867,0
2040,hydro_new_gw[1416],hydro_new_gw,0.0,2.868360689939342e-08,2.868360689939342e-08,1,0
2040,hydro_capacity_gw[1416],hydro_capacity_gw,0.0162999713163931,0.0163,2.868360689939342e-08,14837,0
2040,hydro_new_gw[1246],hydro_new_gw,0.0,3.0174110002278987e-08,3.0174110002278987e-08,1,0
2040,hydro_capacity_gw[1246],hydro_capacity_gw,0.02099996982589,0.021,3.0174110002278987e-08,14825,0
2040,hydro_new_gw[1320],hydro_new_gw,0.0,3.38004264993641e-08,3.38004264993641e-08,1,0
2040,hydro_capacity_gw[1320],hydro_capacity_gw,0.0199999661995735,0.02,3.38004264993641e-08,14822,0
2040,hydro_new_gw[1071],hydro_new_gw,0.0,4.067316919723063e-08,4.067316919723063e-08,1,0
2040,hydro_capacity_gw[1071],hydro_capacity_gw,0.0299999593268308,0.03,4.067316919723063e-08,14870,0
2040,hydro_new_gw[1388],hydro_new_gw,0.0,5.398565229922103e-08,5.398565229922103e-08,1,0
2040,hydro_capacity_gw[1388],hydro_capacity_gw,0.0179999460143477,0.018,5.398565229922103e-08,14807,0
2040,hydro_new_gw[1148],hydro_new_gw,0.0,5.457263030014814e-08,5.457263030014814e-08,1,0
2040,hydro_capacity_gw[1148],hydro_capacity_gw,0.0249999454273697,0.025,5.457263030014814e-08,14834,0
2040,hydro_new_gw[1458],hydro_new_gw,0.0,5.8558262398811234e-08,5.8558262398811234e-08,1,0
2040,hydro_capacity_gw[1458],hydro_capacity_gw,0.0159999414417376,0.016,5.8558262398811234e-08,14813,0
2040,hydro_new_gw[1337],hydro_new_gw,0.0,6.016195740199404e-08,6.016195740199404e-08,1,0
2040,hydro_capacity_gw[1337],hydro_capacity_gw,0.0197999398380426,0.0198,6.016195740199404e-08,14834,0
2040,hydro_new_gw[1361],hydro_new_gw,0.0,6.40875786987738e-08,6.40875786987738e-08,1,0
2040,hydro_capacity_gw[1361],hydro_capacity_gw,0.0188999359124213,0.0189,6.40875786987738e-08,14810,0
2040,hydro_new_gw[1572],hydro_new_gw,0.0,6.725079910140097e-08,6.725079910140097e-08,1,0
2040,hydro_capacity_gw[1572],hydro_capacity_gw,0.0127999327492009,0.0128,6.725079910140097e-08,14831,0
2040,hydro_new_gw[595],hydro_new_gw,0.0,7.201115369281919e-08,7.201115369281919e-08,1,0
2040,hydro_capacity_gw[595],hydro_capacity_gw,0.0749999279888463,0.075,7.201115369281919e-08,14723,0
2040,hydro_new_gw[1638],hydro_new_gw,0.0,7.418254430006932e-08,7.418254430006932e-08,1,0
2040,hydro_capacity_gw[1638],hydro_capacity_gw,0.0120999258174557,0.0121,7.418254430006932e-08,14783,0
2040,hydro_new_gw[1236],hydro_new_gw,0.0,7.495057200226918e-08,7.495057200226918e-08,1,0
2040,hydro_capacity_gw[1236],hydro_capacity_gw,0.021599925049428,0.0216,7.495057200226918e-08,14780,0
2040,hydro_new_gw[1136],hydro_new_gw,0.0,7.706064190232675e-08,7.706064190232675e-08,1,0
2040,hydro_capacity_gw[1136],hydro_capacity_gw,0.0249999229393581,0.025,7.706064190232675e-08,14786,0
2040,hydro_new_gw[1518],hydro_new_gw,0.0,8.432155799986685e-08,8.432155799986685e-08,1,0
2040,hydro_capacity_gw[1518],hydro_capacity_gw,0.014099915678442,0.0141,8.432155799986685e-08,14792,0
2040,hydro_new_gw[723],hydro_new_gw,0.0,1.1247016579868374e-07,1.1247016579868374e-07,1,0
2040,hydro_capacity_gw[723],hydro_capacity_gw,0.0569998875298342,0.057,1.1247016579868374e-07,14855,0
2040,hydro_new_gw[1134],hydro_new_gw,0.0,1.1724010619967862e-07,1.1724010619967862e-07,1,0
2040,hydro_capacity_gw[1134],hydro_capacity_gw,0.0249998827598938,0.025,1.1724010619967862e-07,14762,0
2040,hydro_new_gw[757],hydro_new_gw,0.0,1.2039282810266672e-07,1.2039282810266672e-07,1,0
2040,hydro_capacity_gw[757],hydro_capacity_gw,0.0504998796071719,0.0505,1.2039282810266672e-07,14879,0
2040,hydro_new_gw[895],hydro_new_gw,0.0,1.3098042930120846e-07,1.3098042930120846e-07,1,0
2040,hydro_capacity_gw[895],hydro_capacity_gw,0.0399998690195707,0.04,1.3098042930120846e-07,14876,0
2040,hydro_new_gw[1013],hydro_new_gw,0.0,1.3183327170207537e-07,1.3183327170207537e-07,1,0
2040,hydro_capacity_gw[1013],hydro_capacity_gw,0.0314998681667283,0.0315,1.3183327170207537e-07,14828,0
2040,hydro_new_gw[1755],hydro_new_gw,0.0,1.3423953730030969e-07,1.3423953730030969e-07,1,0
2050,"thermal_retrofit_to_ccs_gw[3,3]",thermal_retrofit_to_ccs_gw,0.0,2.220446049250313e-16,2.220446049250313e-16,2,0
2050,hydro_new_gw[1496],hydro_new_gw,0.0,5.758345895598427e-09,5.758345895598427e-09,1,0
2050,hydro_capacity_gw[1496],hydro_capacity_gw,0.014999994241654104,0.015,5.758345895598427e-09,14861,0
2050,hydro_new_gw[1466],hydro_new_gw,0.0,6.404753498390203e-09,6.404753498390203e-09,1,0
2050,hydro_capacity_gw[1466],hydro_capacity_gw,0.014999993595246501,0.015,6.404753498390203e-09,14852,0
2050,hydro_new_gw[1349],hydro_new_gw,0.0,7.254852923271882e-09,7.254852923271882e-09,1,0
2050,hydro_capacity_gw[1349],hydro_capacity_gw,0.019249992745147076,0.01925,7.254852923271882e-09,14867,0
2050,hydro_new_gw[1538],hydro_new_gw,0.0,8.786890671672043e-09,8.786890671672043e-09,1,0
2050,hydro_capacity_gw[1538],hydro_capacity_gw,0.013999991213109329,0.014,8.786890671672043e-09,14852,0
2050,hydro_new_gw[1416],hydro_new_gw,0.0,1.2319556000339738e-08,1.2319556000339738e-08,1,0
2050,hydro_capacity_gw[1416],hydro_capacity_gw,0.016299987680443998,0.0163,1.2319556000339738e-08,14837,0
2050,hydro_new_gw[1246],hydro_new_gw,0.0,1.3053762643738809e-08,1.3053762643738809e-08,1,0
2050,hydro_capacity_gw[1246],hydro_capacity_gw,0.020999986946237358,0.021,1.3053762643738809e-08,14825,0
2050,hydro_new_gw[1320],hydro_new_gw,0.0,1.4692387518416838e-08,1.4692387518416838e-08,1,0
2050,hydro_capacity_gw[1320],hydro_capacity_gw,0.019999985307612482,0.02,1.4692387518416838e-08,14822,0
2050,hydro_new_gw[1071],hydro_new_gw,0.0,1.786573089121446e-08,1.786573089121446e-08,1,0
2050,hydro_capacity_gw[1071],hydro_capacity_gw,0.029999982134269108,0.03,1.786573089121446e-08,14870,0
2050,hydro_new_gw[1388],hydro_new_gw,0.0,1.939496509575922e-08,1.939496509575922e-08,1,0
2050,hydro_capacity_gw[1388],hydro_capacity_gw,0.017999980605034903,0.018,1.939496509575922e-08,14807,0
2050,hydro_new_gw[1458],hydro_new_gw,0.0,1.9548404291136467e-08,1.9548404291136467e-08,1,0
2050,hydro_capacity_gw[1458],hydro_capacity_gw,0.01599998045159571,0.016,1.9548404291136467e-08,14813,0
2050,hydro_new_gw[1572],hydro_new_gw,0.0,2.0468116682451076e-08,2.0468116682451076e-08,1,0
2050,hydro_capacity_gw[1572],hydro_capacity_gw,0.012799979531883318,0.0128,2.0468116682451076e-08,14831,0
2050,hydro_new_gw[1148],hydro_new_gw,0.0,2.415829498947364e-08,2.415829498947364e-08,1,0
2050,hydro_capacity_gw[1148],hydro_capacity_gw,0.024999975841705012,0.025,2.415829498947364e-08,14834,0
2050,hydro_new_gw[1136],hydro_new_gw,0.0,2.4235457151550177e-08,2.4235457151550177e-08,1,0
2050,hydro_capacity_gw[1136],hydro_capacity_gw,0.02499997576454285,0.025,2.4235457151550177e-08,14786,0
2050,hydro_new_gw[1337],hydro_new_gw,0.0,2.696108420893739e-08,2.696108420893739e-08,1,0
2050,hydro_capacity_gw[1337],hydro_capacity_gw,0.019799973038915793,0.0198,2.696108420893739e-08,14834,0
2050,hydro_new_gw[1361],hydro_new_gw,0.0,2.8788368654220076e-08,2.8788368654220076e-08,1,0
2050,hydro_capacity_gw[1361],hydro_capacity_gw,0.018899971211631346,0.0189,2.8788368654220076e-08,14810,0
2050,hydro_new_gw[595],hydro_new_gw,0.0,3.148975884215144e-08,3.148975884215144e-08,1,0
2050,hydro_capacity_gw[595],hydro_capacity_gw,0.07499996851024116,0.075,3.148975884215144e-08,14723,0
2050,hydro_new_gw[1236],hydro_new_gw,0.0,3.28971037667769e-08,3.28971037667769e-08,1,0
2050,hydro_capacity_gw[1236],hydro_capacity_gw,0.021599967102896234,0.0216,3.28971037667769e-08,14780,0
2050,hydro_new_gw[1638],hydro_new_gw,0.0,3.3354834711937786e-08,3.3354834711937786e-08,1,0
2050,hydro_capacity_gw[1638],hydro_capacity_gw,0.012099966645165288,0.0121,3.3354834711937786e-08,14783,0
2050,hydro_new_gw[1518],hydro_new_gw,0.0,3.694049622443574e-08,3.694049622443574e-08,1,0
2050,hydro_capacity_gw[1518],hydro_capacity_gw,0.014099963059503775,0.0141,3.694049622443574e-08,14792,0
2050,hydro_new_gw[723],hydro_new_gw,0.0,4.165769287162169e-08,4.165769287162169e-08,1,0
2050,hydro_capacity_gw[723],hydro_capacity_gw,0.05699995834230713,0.057,4.165769287162169e-08,14855,0
2050,hydro_new_gw[757],hydro_new_gw,0.0,4.210276222105236e-08,4.210276222105236e-08,1,0
2050,hydro_capacity_gw[757],hydro_capacity_gw,0.05049995789723778,0.0505,4.210276222105236e-08,14879,0
2050,hydro_new_gw[1755],hydro_new_gw,0.0,4.647501834591228e-08,4.647501834591228e-08,1,0
2050,hydro_capacity_gw[1755],hydro_capacity_gw,0.010049953524981654,0.01005,4.647501834591228e-08,14765,0
2050,hydro_new_gw[895],hydro_new_gw,0.0,5.145911000092873e-08,5.145911000092873e-08,1,0
2050,hydro_capacity_gw[895],hydro_capacity_gw,0.03999994854089,0.04,5.145911000092873e-08,14876,0
2050,hydro_new_gw[1013],hydro_new_gw,0.0,5.162955796916835e-08,5.162955796916835e-08,1,0
2050,hydro_capacity_gw[1013],hydro_capacity_gw,0.03149994837044203,0.0315,5.162955796916835e-08,14828,0
2050,hydro_new_gw[1134],hydro_new_gw,0.0,5.210513545281237e-08,5.210513545281237e-08,1,0
