family,columns_2030,columns_2040,columns_2050,matrix_nnz_2030,matrix_nnz_2040,matrix_nnz_2050,matrix_abs_min_2030,matrix_abs_min_2040,matrix_abs_min_2050,matrix_abs_max_2030,matrix_abs_max_2040,matrix_abs_max_2050,max_column_nnz_2030,max_column_nnz_2040,max_column_nnz_2050,range_0_1e12_2030,range_0_1e12_2040,range_0_1e12_2050,range_1e12_1e9_2030,range_1e12_1e9_2040,range_1e12_1e9_2050,range_1e9_1e6_2030,range_1e9_1e6_2040,range_1e9_1e6_2050,range_1e6_1e3_2030,range_1e6_1e3_2040,range_1e6_1e3_2050,fixed_2030,fixed_2040,fixed_2050,positive_lb_range_lt_1e6_2030,positive_lb_range_lt_1e6_2040,positive_lb_range_lt_1e6_2050,positive_lb_tiny_nonfixed_2030,positive_lb_tiny_nonfixed_2040,positive_lb_tiny_nonfixed_2050,zero_lb_positive_ub_lt_1e6_2030,zero_lb_positive_ub_lt_1e6_2040,zero_lb_positive_ub_lt_1e6_2050,tiny_nonfixed_2030,tiny_nonfixed_2040,tiny_nonfixed_2050,finite_positive_2030,finite_positive_2040,finite_positive_2050,infinite_range_2030,infinite_range_2040,infinite_range_2050,tiny_nnz_ge_1000_2030,tiny_nnz_ge_1000_2040,tiny_nnz_ge_1000_2050,tiny_nnz_ge_8760_2030,tiny_nnz_ge_8760_2040,tiny_nnz_ge_8760_2050,tiny_nonfixed_range_sum_native_units_2030,tiny_nonfixed_range_sum_native_units_2040,tiny_nonfixed_range_sum_native_units_2050,tiny_nonfixed_matrix_nnz_2030,tiny_nonfixed_matrix_nnz_2040,tiny_nonfixed_matrix_nnz_2050
annual_biomass_fuel_pj,31,31,31,62,62,62,1.0,1.0,1.0,1.0,1.0,1.0,2,2,2,0,0,0,0,0,0,0,0,0,0,0,0,0,0,0,0,0,0,0,0,0,0,0,0,0,0,0,0,0,0,31,31,31,0,0,0,0,0,0,0.0,0.0,0.0,0,0,0
annual_captured_co2_mt,31,31,31,62,62,62,1.0,1.0,1.0,1.0,1.0,1.0,2,2,2,0,0,0,0,0,0,0,0,0,0,0,0,0,0,0,0,0,0,0,0,0,0,0,0,0,0,0,0,0,0,31,31,31,0,0,0,0,0,0,0.0,0.0,0.0,0,0,0
annual_net_emissions_mt,1,1,1,2,2,2,1.0,1.0,1.0,1.0,1.0,1.0,2,2,2,0,0,0,0,0,0,0,0,0,0,0,0,0,0,0,0,0,0,0,0,0,0,0,0,0,0,0,0,0,0,1,1,1,0,0,0,0,0,0,0.0,0.0,0.0,0,0,0
capacity_margin_credited_capacity_gw,31,31,31,62,62,62,1.0,1.0,1.0,1.0,1.0,1.0,2,2,2,0,0,0,0,0,0,0,0,0,0,0,0,0,0,0,0,0,0,0,0,0,0,0,0,0,0,0,0,0,0,31,31,31,0,0,0,0,0,0,0.0,0.0,0.0,0,0,0
co2_ship_mt,100471,100471,100471,200942,200942,200942,1.0,1.0,1.0,1.0,1.0,1.0,2,2,2,0,0,0,0,0,0,0,0,0,0,0,0,0,0,0,0,0,0,0,0,0,0,0,0,0,0,0,100471,100471,100471,0,0,0,0,0,0,0,0,0,0.0,0.0,0.0,0,0,0
dac_capacity_mtpa,124,124,124,248,248,248,1.0,1.0,1.0,1.0,1.0,1.0,2,2,2,0,0,0,0,0,0,0,0,0,0,0,0,124,0,0,0,0,0,0,0,0,0,0,0,0,0,0,0,0,0,0,124,124,0,0,0,0,0,0,0.0,0.0,0.0,0,0,0
dac_capture_mt,124,124,124,372,1086736,1086736,1.0,0.1033739218670725,0.1033739218670725,1.0,6250.0,6250.0,3,8764,8764,0,0,0,0,0,0,0,0,0,0,0,0,124,0,0,0,0,0,0,0,0,0,0,0,0,0,0,0,124,124,0,0,0,0,0,0,0,0,0,0.0,0.0,0.0,0,0,0
dac_new_capacity_mtpa,124,124,124,124,124,124,1.0,1.0,1.0,1.0,1.0,1.0,1,1,1,0,0,0,0,0,0,0,0,0,0,0,0,124,0,0,0,0,0,0,0,0,0,0,0,0,0,0,0,0,0,0,124,124,0,0,0,0,0,0,0.0,0.0,0.0,0,0,0
flow_forward_gw,3600360,3600360,3600360,18001800,18001800,18001800,0.8953498200681527,0.8953498200681527,0.8953498200681527,1.0,1.0,1.0,5,5,5,0,0,0,0,0,0,0,0,0,0,0,0,0,0,0,0,0,0,0,0,0,0,0,0,0,0,0,0,0,0,3600360,3600360,3600360,0,0,0,0,0,0,0.0,0.0,0.0,0,0,0
flow_reverse_ac_gw,420480,420480,420480,2102400,2102400,2102400,0.9576631123122953,0.9576631123122953,0.9576631123122953,1.0,1.0,1.0,5,5,5,0,0,0,0,0,0,0,0,0,0,0,0,0,0,0,0,0,0,0,0,0,0,0,0,0,0,0,0,0,0,420480,420480,420480,0,0,0,0,0,0,0.0,0.0,0.0,0,0,0
gross_generation_gw,2987160,2987160,2987160,46165200,46165200,46165200,3.699999999999999e-05,3.466666666999999e-05,3.233333332999999e-05,1.0,1.0,1.0,17,17,17,0,0,0,0,0,0,0,0,0,0,0,0,70080,70080,70080,0,0,0,0,0,0,0,0,0,0,0,0,0,0,0,2917080,2917080,2917080,0,0,0,0,0,0,0.0,0.0,0.0,0,0,0
hydro_aggregate_generation_gw,271560,271560,271560,543120,543120,543120,1.0,1.0,1.0,1.0,1.0,1.0,2,2,2,0,0,0,0,0,0,0,0,0,23280,23280,23280,26280,26280,26280,0,0,0,0,0,0,0,0,0,0,0,0,245280,245280,245280,0,0,0,0,0,0,0,0,0,0.0,0.0,0.0,0,0,0
hydro_capacity_gw,2030,2030,2030,34673242,34673242,34673242,0.010000095702707767,0.010000095702707767,0.010000095702707767,5945.8478236198425,5945.8478236198425,5945.8478236198425,26284,26284,26284,0,0,0,0,0,0,0,33,72,0,2,14,793,793,793,793,826,865,0,33,72,0,0,0,0,33,72,1237,1237,1237,0,0,0,0,33,72,0,33,72,0.0,4.6925323645991696e-06,1.2502543620744946e-05,0,489162,1059108
hydro_new_gw,2030,2030,2030,2030,2030,2030,1.0,1.0,1.0,1.0,1.0,1.0,1,1,1,0,0,0,0,0,0,0,33,72,0,2,14,793,793,793,0,0,0,0,0,0,0,33,72,0,33,72,1237,1237,1237,0,0,0,0,0,0,0,0,0,0.0,4.6925323645991696e-06,1.2502543620744946e-05,0,33,72
hydro_spur_augmentation_gw,2030,2030,2030,2030,2030,2030,1.0,1.0,1.0,1.0,1.0,1.0,1,1,1,0,0,0,0,0,0,0,0,0,0,0,0,0,0,0,0,0,0,0,0,0,0,0,0,0,0,0,0,0,0,2030,2030,2030,0,0,0,0,0,0,0.0,0.0,0.0,0,0,0
intra_load_center_capacity_gw,642,642,642,1284,1284,1284,1.0,1.0,1.0,4380.0,4380.0,4380.0,2,2,2,0,0,0,0,0,0,0,0,0,0,0,0,0,0,0,0,0,0,0,0,0,0,0,0,0,0,0,0,0,0,642,642,642,0,0,0,0,0,0,0.0,0.0,0.0,0,0,0
intra_load_center_flow_forward_gwh,642,642,642,1926,1926,1926,1.0,1.0,1.0,1.0,1.0,1.0,3,3,3,0,0,0,0,0,0,0,0,0,0,0,0,0,0,0,0,0,0,0,0,0,0,0,0,0,0,0,0,0,0,642,642,642,0,0,0,0,0,0,0.0,0.0,0.0,0,0,0
intra_load_center_flow_reverse_gwh,642,642,642,1926,1926,1926,1.0,1.0,1.0,1.0,1.0,1.0,3,3,3,0,0,0,0,0,0,0,0,0,0,0,0,0,0,0,0,0,0,0,0,0,0,0,0,0,0,0,0,0,0,642,642,642,0,0,0,0,0,0,0.0,0.0,0.0,0,0,0
intra_load_center_new_gw,642,642,642,642,642,642,1.0,1.0,1.0,1.0,1.0,1.0,1,1,1,0,0,0,0,0,0,0,0,0,0,0,0,0,0,0,0,0,0,0,0,0,0,0,0,0,0,0,0,0,0,642,642,642,0,0,0,0,0,0,0.0,0.0,0.0,0,0,0
line_capacity_gw,411,411,411,3600771,3600771,3600771,1.0,1.0,1.0,1.0,1.0,1.0,8761,8761,8761,0,0,0,0,0,0,0,0,0,0,0,0,0,0,0,0,0,0,0,0,0,0,0,0,0,0,0,0,0,0,411,411,411,0,0,0,0,0,0,0.0,0.0,0.0,0,0,0
line_new_gw,411,411,411,411,411,411,1.0,1.0,1.0,1.0,1.0,1.0,1,1,1,0,0,0,0,0,0,0,0,0,0,0,0,0,0,0,0,0,0,0,0,0,0,0,0,0,0,0,0,0,0,411,411,411,0,0,0,0,0,0,0.0,0.0,0.0,0,0,0
load_center_annual_effective_demand_gwh,337,337,337,674,674,674,1.0,1.0,1.0,1.0,1.0,1.0,2,2,2,0,0,0,0,0,0,0,0,0,0,0,0,0,0,0,0,0,0,0,0,0,0,0,0,0,0,0,0,0,0,337,337,337,0,0,0,0,0,0,0.0,0.0,0.0,0,0,0
load_center_annual_injection_gwh,337,337,337,674,674,674,1.0,1.0,1.0,1.0,1.0,1.0,2,2,2,0,0,0,0,0,0,0,0,0,0,0,0,0,0,0,0,0,0,0,0,0,0,0,0,0,0,0,0,0,0,337,337,337,0,0,0,0,0,0,0.0,0.0,0.0,0,0,0
load_center_external_net_import_gwh,337,337,337,674,674,674,1.0,1.0,1.0,1.0,1.0,1.0,2,2,2,0,0,0,0,0,0,0,0,0,0,0,0,0,0,0,0,0,0,0,0,0,0,0,0,0,0,0,0,0,0,337,337,337,0,0,0,0,0,0,0.0,0.0,0.0,0,0,0
load_center_reservoir_generation_gwh,337,337,337,471,471,471,1.0,1.0,1.0,1.0,1.0,1.0,2,2,2,0,0,0,0,0,0,0,0,0,0,0,0,203,203,203,0,0,0,0,0,0,0,0,0,0,0,0,0,0,0,134,134,134,0,0,0,0,0,0,0.0,0.0,0.0,0,0,0
load_center_ror_generation_gwh,337,337,337,877,877,877,1.0,1.0,1.0,1.0,1.0,1.0,3,3,3,0,0,0,0,0,0,0,0,0,0,0,0,134,134,134,0,0,0,0,0,0,0,0,0,0,0,0,0,0,0,203,203,203,0,0,0,0,0,0,0.0,0.0,0.0,0,0,0
load_center_vre_generation_gwh,1348,1348,1348,3715,3715,3715,1.0,1.0,1.0,1.0,1.0,1.0,3,3,3,0,0,0,0,0,0,0,0,0,0,0,0,329,329,329,0,0,0,0,0,0,0,0,0,0,0,0,0,0,0,1019,1019,1019,0,0,0,0,0,0,0.0,0.0,0.0,0,0,0
load_center_wave_generation_gwh,337,337,337,717,717,717,1.0,1.0,1.0,1.0,1.0,1.0,3,3,3,0,0,0,0,0,0,0,0,0,0,0,0,294,294,294,0,0,0,0,0,0,0,0,0,0,0,0,0,0,0,43,43,43,0,0,0,0,0,0,0.0,0.0,0.0,0,0,0
online_capacity_gw,2987160,2987160,2987160,33759000,33759000,33759000,0.05,0.05,0.05,5.89,5.89,5.89,12,12,12,0,0,0,0,0,0,0,0,0,0,0,0,70080,70080,70080,0,0,0,0,0,0,0,0,0,0,0,0,0,0,0,2917080,2917080,2917080,0,0,0,0,0,0,0.0,0.0,0.0,0,0,0
province_annual_effective_demand_gwh,31,31,31,368,368,368,0.0006090764641496,0.0006090764641496,0.0006090764641496,1.0,1.0,1.0,22,22,22,0,0,0,0,0,0,0,0,0,0,0,0,0,0,0,0,0,0,0,0,0,0,0,0,0,0,0,0,0,0,31,31,31,0,0,0,0,0,0,0.0,0.0,0.0,0,0,0
province_annual_external_net_import_gwh,31,31,31,368,368,368,0.0006090764641496,0.0006090764641496,0.0006090764641496,1.0,1.0,1.0,22,22,22,0,0,0,0,0,0,0,0,0,0,0,0,0,0,0,0,0,0,0,0,0,0,0,0,0,0,0,0,0,0,31,31,31,0,0,0,0,0,0,0.0,0.0,0.0,0,0,0
province_annual_external_received_gwh,31,31,31,62,62,62,1.0,1.0,1.0,1.0,1.0,1.0,2,2,2,0,0,0,0,0,0,0,0,0,0,0,0,0,0,0,0,0,0,0,0,0,0,0,0,0,0,0,0,0,0,31,31,31,0,0,0,0,0,0,0.0,0.0,0.0,0,0,0
province_annual_external_sent_gwh,31,31,31,62,62,62,1.0,1.0,1.0,1.0,1.0,1.0,2,2,2,0,0,0,0,0,0,0,0,0,0,0,0,0,0,0,0,0,0,0,0,0,0,0,0,0,0,0,0,0,0,31,31,31,0,0,0,0,0,0,0.0,0.0,0.0,0,0,0
province_annual_non_spatial_injection_gwh,31,31,31,368,368,368,0.0006090764641496,0.0006090764641496,0.0006090764641496,1.0,1.0,1.0,22,22,22,0,0,0,0,0,0,0,0,0,0,0,0,0,0,0,0,0,0,0,0,0,0,0,0,0,0,0,0,0,0,31,31,31,0,0,0,0,0,0,0.0,0.0,0.0,0,0,0
ramp_magnitude_gw,2987160,2987160,2987160,5974320,5974320,5974320,1.0,1.0,1.0,1.0,1.0,1.0,2,2,2,0,0,0,0,0,0,0,0,0,0,0,0,0,0,0,0,0,0,0,0,0,0,0,0,0,0,0,0,0,0,2987160,2987160,2987160,0,0,0,0,0,0,0.0,0.0,0.0,0,0,0
reservoir_active_storage_million_m3,5431200,5431200,5431200,10862400,10862400,10862400,1.0,1.0,1.0,1.0,1.0,1.0,2,2,2,0,0,0,0,0,0,0,0,0,0,0,0,0,0,0,0,0,0,0,0,0,0,0,0,0,0,0,5431200,5431200,5431200,0,0,0,0,0,0,0,0,0,0.0,0.0,0.0,0,0,0
reservoir_spill_flow_1000m3s,5431200,5431200,5431200,6436272,6436272,6436272,0.0004325704476298486,0.0004325704476298486,0.0004325704476298486,3.6,3.6,3.6,4,4,4,0,0,0,0,0,0,0,0,0,21,21,21,1321812,1321812,1321812,0,0,0,0,0,0,0,0,0,0,0,0,4109388,4109388,4109388,0,0,0,0,0,0,0,0,0,0.0,0.0,0.0,0,0,0
reservoir_turbine_flow_1000m3s,5431200,5431200,5431200,33592272,33592272,33592272,0.0004325704476298486,0.0004325704476298486,0.0004325704476298486,9.1366931481165,9.1366931481165,9.1366931481165,9,9,9,0,0,0,0,0,0,0,0,0,2664,2664,2664,0,0,0,0,0,0,0,0,0,0,0,0,0,0,0,5431200,5431200,5431200,0,0,0,0,0,0,0,0,0,0.0,0.0,0.0,0,0,0
ror_available_gw,271560,271560,271560,788400,788400,788400,1.0,1.0,1.0,1.0,1.0,1.0,3,3,3,0,0,0,0,0,0,0,0,0,0,0,0,26280,26280,26280,0,0,0,0,0,0,0,0,0,0,0,0,0,0,0,245280,245280,245280,0,0,0,0,0,0,0.0,0.0,0.0,0,0,0
ror_generation_gw,271560,271560,271560,1357800,1357800,1357800,1.0,1.0,1.0,1.0,1.0,1.0,5,5,5,0,0,0,0,0,0,0,0,0,0,0,0,0,0,0,0,0,0,0,0,0,0,0,0,0,0,0,0,0,0,271560,271560,271560,0,0,0,0,0,0,0.0,0.0,0.0,0,0,0
shutdown_capacity_gw,2987160,2987160,2987160,38289960,38289960,38289960,0.05,0.05,0.05,1.0,1.0,1.0,27,27,27,0,0,0,0,0,0,0,0,0,0,0,0,0,0,0,0,0,0,0,0,0,0,0,0,0,0,0,0,0,0,2987160,2987160,2987160,0,0,0,0,0,0,0.0,0.0,0.0,0,0,0
spur_augmentation_gw,36686,36686,36686,21308,21308,21308,1.0,1.0,1.0,1.0,1.0,1.0,1,1,1,0,0,0,0,0,0,0,0,0,0,0,0,15378,15378,15378,0,0,0,0,0,0,0,0,0,0,0,0,0,0,0,21308,21308,21308,0,0,0,0,0,0,0.0,0.0,0.0,0,0,0
startup_capacity_gw,2987160,2987160,2987160,36117480,36117480,36117480,0.05,0.05,0.05,1.0,1.0,1.0,27,27,27,0,0,0,0,0,0,0,0,0,0,0,0,0,0,0,0,0,0,0,0,0,0,0,0,0,0,0,0,0,0,2987160,2987160,2987160,0,0,0,0,0,0,0.0,0.0,0.0,0,0,0
storage_capacity_gw,62,62,62,4073524,4073524,4073524,0.88,0.88,0.88,9.090909090909092,9.090909090909092,9.090909090909092,70082,70082,70082,0,0,0,0,0,0,0,0,0,0,1,19,5,2,2,3,1,1,0,0,0,0,0,0,0,0,0,26,29,29,31,31,31,0,0,0,0,0,0,0.0,0.0,0.0,0,0,0
storage_charge_gw,543120,543120,543120,4344960,4344960,4344960,0.88,0.88,0.88,1.0,1.0,1.0,8,8,8,0,0,0,0,0,0,0,0,0,0,0,0,0,0,0,0,0,0,0,0,0,0,0,0,0,0,0,0,0,0,543120,543120,543120,0,0,0,0,0,0,0.0,0.0,0.0,0,0,0
storage_discharge_gw,543120,543120,543120,4344960,4344960,4344960,1.0,1.0,1.0,1.1363636363636365,1.1363636363636365,1.1363636363636365,8,8,8,0,0,0,0,0,0,0,0,0,0,0,0,0,0,0,0,0,0,0,0,0,0,0,0,0,0,0,0,0,0,543120,543120,543120,0,0,0,0,0,0,0.0,0.0,0.0,0,0,0
storage_new_gw,62,62,62,62,62,62,1.0,1.0,1.0,1.0,1.0,1.0,1,1,1,0,0,0,0,0,0,0,0,0,0,1,19,5,2,2,0,0,0,0,0,0,0,0,0,0,0,0,26,29,29,31,31,31,0,0,0,0,0,0,0.0,0.0,0.0,0,0,0
storage_reserve_down_gw,543120,543120,543120,1629360,1629360,1629360,1.0,1.0,1.0,1.0,1.0,1.0,3,3,3,0,0,0,0,0,0,0,0,0,0,0,0,0,0,0,0,0,0,0,0,0,0,0,0,0,0,0,0,0,0,543120,543120,543120,0,0,0,0,0,0,0.0,0.0,0.0,0,0,0
storage_reserve_up_gw,543120,543120,543120,2172480,2172480,2172480,1.0,1.0,1.0,1.0,1.0,1.0,4,4,4,0,0,0,0,0,0,0,0,0,0,0,0,0,0,0,0,0,0,0,0,0,0,0,0,0,0,0,0,0,0,543120,543120,543120,0,0,0,0,0,0,0.0,0.0,0.0,0,0,0
storage_soc_gwh,543120,543120,543120,2715600,2715600,2715600,0.88,0.88,0.88,1.1363636363636365,1.1363636363636365,1.1363636363636365,5,5,5,0,0,0,0,0,0,0,0,0,0,0,0,0,0,0,0,0,0,0,0,0,0,0,0,0,0,0,0,0,0,543120,543120,543120,0,0,0,0,0,0,0.0,0.0,0.0,0,0,0
thermal_capacity_gw,341,341,341,3888144,3888144,3888144,0.5,0.5,0.5,1.0,1.0,1.0,17523,17523,17523,0,0,0,0,0,0,0,0,0,0,0,0,22,22,22,0,0,0,0,0,0,0,0,0,0,0,0,9,9,9,310,310,310,0,0,0,0,0,0,0.0,0.0,0.0,0,0,0
thermal_new_gw,341,341,341,341,341,341,1.0,1.0,1.0,1.0,1.0,1.0,1,1,1,0,0,0,0,0,0,0,0,0,0,0,0,150,150,150,0,0,0,0,0,0,0,0,0,0,0,0,9,9,9,182,182,182,0,0,0,0,0,0,0.0,0.0,0.0,0,0,0
thermal_retrofit_to_ccs_gw,155,155,155,310,310,310,1.0,1.0,1.0,1.0,1.0,1.0,2,2,2,0,1,1,0,0,0,0,0,0,0,3,4,30,30,25,0,0,0,0,0,0,0,1,1,0,1,1,125,125,130,0,0,0,0,0,0,0,0,0,0.0,2.220446049250313e-16,2.220446049250313e-16,0,2,2
trunk_augmentation_gw,6294,6294,6294,2761,2761,2761,1.0,1.0,1.0,1.0,1.0,1.0,1,1,1,0,0,0,0,0,0,0,0,0,0,0,0,0,0,0,0,0,0,0,0,0,0,0,0,0,0,0,0,0,0,6294,6294,6294,0,0,0,0,0,0,0.0,0.0,0.0,0,0,0
vre_available_gw,1086240,1086240,1086240,3083520,3083520,3083520,1.0,1.0,1.0,1.0,1.0,1.0,3,3,3,0,0,0,0,0,0,0,0,0,0,0,0,175200,175200,175200,0,0,0,0,0,0,0,0,0,0,0,0,0,0,0,911040,911040,911040,0,0,0,0,0,0,0.0,0.0,0.0,0,0,0
vre_capacity_gw,36686,36686,36686,173012228,173012228,173012228,0.010000007227063179,0.010000007227063179,0.010000007227063179,5925.004025482573,5925.004025482573,5925.004025482573,8249,8249,8249,0,0,0,0,0,0,0,0,0,108,292,782,2247,2708,1320,2243,2704,1316,0,0,0,0,0,0,0,0,0,34439,33978,35366,0,0,0,0,0,0,0,0,0,0.0,0.0,0.0,0,0,0
vre_generation_gw,1086240,1086240,1086240,5431200,5431200,5431200,0.05,0.05,0.05,1.05,1.05,1.05,5,5,5,0,0,0,0,0,0,0,0,0,0,0,0,0,0,0,0,0,0,0,0,0,0,0,0,0,0,0,0,0,0,1086240,1086240,1086240,0,0,0,0,0,0,0.0,0.0,0.0,0,0,0
vre_new_gw,36686,36686,36686,36686,36686,36686,1.0,1.0,1.0,1.0,1.0,1.0,1,1,1,0,0,0,0,0,0,0,0,0,108,292,782,2247,2708,1320,0,0,0,0,0,0,0,0,0,0,0,0,34439,33978,35366,0,0,0,0,0,0,0,0,0,0.0,0.0,0.0,0,0,0
wave_capacity_gw,1284,1284,1284,5873019,5873019,5873019,0.06576939672231674,0.07669535279273987,0.08917780220508575,3580.237149178982,3968.822685703635,4324.946690574288,7962,7962,7962,0,0,0,0,0,0,0,0,0,3,3,3,0,0,0,0,0,0,0,0,0,0,0,0,0,0,0,1284,1284,1284,0,0,0,0,0,0,0,0,0,0.0,0.0,0.0,0,0,0
wave_generation_gw,271560,271560,271560,1182600,1182600,1182600,0.05,0.05,0.05,1.0,1.0,1.0,5,5,5,0,0,0,0,0,0,0,0,0,0,0,0,175200,175200,175200,0,0,0,0,0,0,0,0,0,0,0,0,0,0,0,96360,96360,96360,0,0,0,0,0,0,0.0,0.0,0.0,0,0,0
wave_new_gw,1284,1284,1284,1284,1284,1284,1.0,1.0,1.0,1.0,1.0,1.0,1,1,1,0,0,0,0,0,0,0,0,0,3,3,3,0,0,0,0,0,0,0,0,0,0,0,0,0,0,0,1284,1284,1284,0,0,0,0,0,0,0,0,0,0.0,0.0,0.0,0,0,0
