metric,2030,2040,2050
range_0_1e12,0,1,1
range_1e12_1e9,0,0,0
range_1e9_1e6,0,66,144
range_1e6_1e3,26187,26564,27605
fixed,1887934,1888478,1885697
positive_lb_range_lt_1e6,3039,3531,2182
positive_lb_tiny_nonfixed,0,33,72
zero_lb_positive_ub_lt_1e6,0,34,73
tiny_nonfixed,0,67,145
finite_positive,15391654,15390862,15393643
infinite_range,24178795,24179043,24179043
tiny_nnz_ge_1000,0,33,72
tiny_nnz_ge_8760,0,33,72
rows,50907233,50907233,50907233
columns,41458383,41458383,41458383
nonzeros,484299937,485386301,485386301
matrix_abs_min,3.699999999999999e-05,3.466666666999999e-05,3.233333332999999e-05
matrix_abs_max,5945.8478236198425,6250.0,6250.0
parser_elapsed_seconds,810.2681548236869,959.4657984520309,827.4562905551866
