load_center_id,connected_substation_count,active_substation_count,connected_vre_nameplate_gw,existing_dpv_local_gw,simultaneous_nameplate_interface_capacity_gw,province_code,province_name_en,province_name_zh,city_name_zh,lon,lat,annual_demand_share_in_province,initial_capacity_method
LC_156110000,48.0,12.0,0.41775168,2.000338496,0.41775168,11,Beijing,北京,北京,116.36795220903856,39.9654826614786,1.0,simultaneous_2025_nameplate_stress_city337_route
LC_156120000,76.0,12.0,6.853027466,4.4772607849999995,6.853027466,12,Tianjin,天津,天津,117.27904058308948,39.128935998908695,1.0,simultaneous_2025_nameplate_stress_city337_route
LC_156130100,11.0,7.0,4.538890014,0.35118042599999977,4.538890014,13,Hebei,河北,石家庄,114.57378817695226,38.06675145712464,0.1214223407724374,simultaneous_2025_nameplate_stress_city337_route
LC_156130200,30.0,8.0,3.240835437,0.117331673,3.240835437,13,Hebei,河北,唐山,118.27495798784022,39.72014804389376,0.1174016734992717,simultaneous_2025_nameplate_stress_city337_route
LC_156130300,5.0,3.0,0.762,0.032151923,0.762,13,Hebei,河北,秦皇岛,119.42879253660148,40.00108938525901,0.1938146009427676,simultaneous_2025_nameplate_stress_city337_route
LC_156130400,3.0,3.0,1.766568172,0.2853650099999999,1.766568172,13,Hebei,河北,邯郸,114.5809765859598,36.55075902312293,0.0990705583623563,simultaneous_2025_nameplate_stress_city337_route
LC_156130500,3.0,2.0,2.9326813639999996,0.14075496399999998,2.9326813639999996,13,Hebei,河北,邢台,114.7978064038358,37.17553144260391,0.078126157661492,simultaneous_2025_nameplate_stress_city337_route
LC_156130600,38.0,10.0,4.4924426209999995,0.5635349099999999,4.4924426209999995,13,Hebei,河北,保定,115.44365144605536,38.91424203534381,0.0977409340716885,simultaneous_2025_nameplate_stress_city337_route
LC_156130700,70.0,26.0,44.968304988999996,25.279458939,44.968304988999996,13,Hebei,河北,张家口,114.9797919688946,40.6623843754406,0.0465645631507392,simultaneous_2025_nameplate_stress_city337_route
LC_156130800,40.0,14.0,11.748267071999999,0.7268411589999999,11.748267071999999,13,Hebei,河北,承德,117.85503034599331,41.07599825770102,0.0471103972000645,simultaneous_2025_nameplate_stress_city337_route
LC_156130900,49.0,10.0,8.174272345,0.6776542419999999,8.174272345,13,Hebei,河北,沧州,116.66443911504082,38.3089744793702,0.0887567029261631,simultaneous_2025_nameplate_stress_city337_route
LC_156131000,115.0,4.0,0.1905741659999999,0.0571767669999999,0.1905741659999999,13,Hebei,河北,廊坊,116.71117646881945,39.44841046832956,0.0698040245360965,simultaneous_2025_nameplate_stress_city337_route
LC_156131100,1.0,1.0,2.0259753279999995,0.164281126,2.0259753279999995,13,Hebei,河北,衡水,115.77631532458192,37.75562330370052,0.0401880468769227,simultaneous_2025_nameplate_stress_city337_route
LC_156140100,2.0,2.0,2.051608271,0.41545192400000003,2.051608271,14,Shanxi,山西,太原,112.50351285519928,37.84210700621036,0.0599552595824843,simultaneous_2025_nameplate_stress_city337_route
LC_156140200,15.0,7.0,10.822273226,1.8822163109999999,10.822273226,14,Shanxi,山西,大同,113.36667030835056,40.0379046454114,0.5312286721025848,simultaneous_2025_nameplate_stress_city337_route
LC_156140300,2.0,1.0,5.759290961,0.8532643729999999,5.759290961,14,Shanxi,山西,阳泉,113.55512260207196,37.92599603118112,0.0275627447126785,simultaneous_2025_nameplate_stress_city337_route
LC_156140400,4.0,3.0,2.321957017,0.4729975309999998,2.321957017,14,Shanxi,山西,长治,113.02989778178431,36.31692725390324,0.0486465218441389,simultaneous_2025_nameplate_stress_city337_route
LC_156140500,23.0,9.0,2.8125605929999997,0.44569441199999993,2.8125605929999997,14,Shanxi,山西,晋城,112.79485174754709,35.57381938472236,0.043940931922516,simultaneous_2025_nameplate_stress_city337_route
LC_156140600,26.0,12.0,13.053861343000001,8.976083878999999,13.053861343000001,14,Shanxi,山西,朔州,112.72096623351248,39.5361998464003,0.0371049019051827,simultaneous_2025_nameplate_stress_city337_route
LC_156140700,5.0,5.0,8.640472197000001,0.6145917229999999,8.640472197000001,14,Shanxi,山西,晋中,112.63291578245868,37.3587147513137,0.0507126286043778,simultaneous_2025_nameplate_stress_city337_route
LC_156140800,8.0,6.0,6.75889629,1.429226682,6.75889629,14,Shanxi,山西,运城,110.95266090865988,35.19432190892582,0.057479718276741,simultaneous_2025_nameplate_stress_city337_route
LC_156140900,14.0,8.0,7.021889159999999,0.9462107909999996,7.021889159999999,14,Shanxi,山西,忻州,112.52122665959035,38.77839636498186,0.0407743283416057,simultaneous_2025_nameplate_stress_city337_route
LC_156141000,16.0,5.0,2.706874159,0.4477734059999996,2.706874159,14,Shanxi,山西,临汾,111.48410267001404,36.11734846666359,0.0500295453267193,simultaneous_2025_nameplate_stress_city337_route
LC_156141100,2.0,2.0,3.2561290599999997,0.35035420699999975,3.2561290599999997,14,Shanxi,山西,吕梁,111.41473324602596,37.487949851231576,0.0525647473809703,simultaneous_2025_nameplate_stress_city337_route
LC_156150100,70.0,15.0,11.31027234,2.6634748339999996,11.31027234,15,Inner Mongolia,内蒙古,呼和浩特,111.72948153584149,40.79176853231885,0.0458846174600433,simultaneous_2025_nameplate_stress_city337_route
LC_156150200,113.0,29.0,21.076133789,5.220917781999999,21.076133789,15,Inner Mongolia,内蒙古,包头,109.96113697879436,40.69831241875342,0.1981141412345922,simultaneous_2025_nameplate_stress_city337_route
LC_156150300,81.0,22.0,19.357659318,6.940091041,19.357659318,15,Inner Mongolia,内蒙古,乌海,106.82269736274114,39.582625389576094,0.0655697283666934,simultaneous_2025_nameplate_stress_city337_route
LC_156150400,39.0,19.0,7.740350896,0.5876354079999999,7.740350896,15,Inner Mongolia,内蒙古,赤峰,118.94911696616852,42.628052688454034,0.0276162603015461,simultaneous_2025_nameplate_stress_city337_route
LC_156150500,63.0,30.0,15.820329271,0.5285982469999999,15.820329271,15,Inner Mongolia,内蒙古,通辽,121.62431018600812,43.839641529065474,0.1172975766484662,simultaneous_2025_nameplate_stress_city337_route
LC_156150600,37.0,14.0,4.253014831,0.5998807039999998,4.253014831,15,Inner Mongolia,内蒙古,鄂尔多斯,109.58667100778264,39.66014456248833,0.2089397625997416,simultaneous_2025_nameplate_stress_city337_route
LC_156150700,41.0,11.0,4.032339218,0.2049662109999999,4.032339218,15,Inner Mongolia,内蒙古,呼伦贝尔,120.85405789401491,49.26996502521311,0.0394217128210847,simultaneous_2025_nameplate_stress_city337_route
LC_156150800,54.0,22.0,18.435485574,4.956823828,18.435485574,15,Inner Mongolia,内蒙古,巴彦淖尔,107.68949925495794,40.98916732486706,0.0343919012009855,simultaneous_2025_nameplate_stress_city337_route
LC_156150900,89.0,27.0,16.628339843,1.2577295669999995,16.628339843,15,Inner Mongolia,内蒙古,乌兰察布,113.1097460129154,41.15430314551406,0.1518298431529103,simultaneous_2025_nameplate_stress_city337_route
LC_156152200,66.0,17.0,8.366519303,1.4964393159999996,8.366519303,15,Inner Mongolia,内蒙古,兴安,121.905161215619,46.09347388689226,0.0480339335353835,simultaneous_2025_nameplate_stress_city337_route
LC_156152500,83.0,34.0,40.373607353,1.6233877489999995,40.373607353,15,Inner Mongolia,内蒙古,锡林郭勒,115.5689647344176,43.64909606388234,0.0507626052429882,simultaneous_2025_nameplate_stress_city337_route
LC_156152900,7.0,5.0,3.3245597429999996,0.655542987,3.3245597429999996,15,Inner Mongolia,内蒙古,阿拉善,104.0123516177112,39.91072773123968,0.0121379174355644,simultaneous_2025_nameplate_stress_city337_route
LC_156210100,14.0,4.0,0.514915822,0.006993558,0.514915822,21,Liaoning,辽宁,沈阳,123.35410161299058,41.82549325358829,0.1841593284778153,simultaneous_2025_nameplate_stress_city337_route
LC_156210200,36.0,8.0,2.101290653,3.8762946840000003,2.101290653,21,Liaoning,辽宁,大连,121.75005018554734,39.13867630792671,0.1972786568654609,simultaneous_2025_nameplate_stress_city337_route
LC_156210300,21.0,4.0,1.1665075749999998,0.031478016,1.1665075749999998,21,Liaoning,辽宁,鞍山,122.9523177875926,40.98335739993917,0.0834370660571258,simultaneous_2025_nameplate_stress_city337_route
LC_156210400,11.0,4.0,0.878794078,0.034247374,0.878794078,21,Liaoning,辽宁,抚顺,124.06179011809262,41.87224462041748,0.0839221806871898,simultaneous_2025_nameplate_stress_city337_route
LC_156210500,18.0,1.0,0.025,0.0,0.025,21,Liaoning,辽宁,本溪,123.9835702916288,41.28642927935575,0.0639164313602336,simultaneous_2025_nameplate_stress_city337_route
LC_156210600,15.0,4.0,1.205447273,0.012754918,1.205447273,21,Liaoning,辽宁,丹东,124.2151982893336,40.21474114967047,0.0321271883329892,simultaneous_2025_nameplate_stress_city337_route
LC_156210700,14.0,5.0,1.062702017,0.043003777999999895,1.062702017,21,Liaoning,辽宁,锦州,121.34756366009502,41.24102933387646,0.0443471206527878,simultaneous_2025_nameplate_stress_city337_route
LC_156210800,32.0,8.0,1.452892012,0.019633445,1.452892012,21,Liaoning,辽宁,营口,122.34613050946072,40.49126881131074,0.0313565746335842,simultaneous_2025_nameplate_stress_city337_route
LC_156210900,29.0,11.0,6.106822857,0.6169023709999999,6.106822857,21,Liaoning,辽宁,阜新,121.75274162612529,42.07882655735015,0.0297997399365026,simultaneous_2025_nameplate_stress_city337_route
LC_156211000,18.0,4.0,0.251671717,0.023678878,0.251671717,21,Liaoning,辽宁,辽阳,123.234388512113,41.25400354490915,0.0510419832789303,simultaneous_2025_nameplate_stress_city337_route
LC_156211100,19.0,5.0,0.656637202,0.0,0.656637202,21,Liaoning,辽宁,盘锦,121.93707618247365,41.06677856974749,0.0527011383630178,simultaneous_2025_nameplate_stress_city337_route
LC_156211200,9.0,4.0,4.904017731,0.37829756299999995,4.904017731,21,Liaoning,辽宁,铁岭,123.98644226205816,42.49567334774694,0.0431917748070685,simultaneous_2025_nameplate_stress_city337_route
LC_156211300,18.0,8.0,3.2200109329999997,1.697906933,3.2200109329999997,21,Liaoning,辽宁,朝阳,120.11056120392436,41.48832706674926,0.0538068119154218,simultaneous_2025_nameplate_stress_city337_route
LC_156211400,16.0,6.0,0.9520151499999999,0.109211151,0.9520151499999999,21,Liaoning,辽宁,葫芦岛,120.4810509919402,40.6939617041912,0.0489140046318717,simultaneous_2025_nameplate_stress_city337_route
LC_156220100,5.0,3.0,0.199572389,0.22493050000000003,0.199572389,22,Jilin,吉林,长春,125.47711334312258,43.98588435611904,0.3285919613139297,simultaneous_2025_nameplate_stress_city337_route
LC_156220200,12.0,5.0,0.075,0.018509429999999702,0.075,22,Jilin,吉林,吉林,126.57139297947822,43.78489536768696,0.1845877646921318,simultaneous_2025_nameplate_stress_city337_route
LC_156220300,10.0,6.0,2.6924688469999998,0.5109906259999999,2.6924688469999998,22,Jilin,吉林,四平,124.5083814169283,43.47198943887679,0.0688389751132989,simultaneous_2025_nameplate_stress_city337_route
LC_156220400,5.0,3.0,2.083,0.000195008,2.083,22,Jilin,吉林,辽源,125.22981124424524,42.882678335428416,0.0376126297335832,simultaneous_2025_nameplate_stress_city337_route
LC_156220500,3.0,1.0,0.016,0.011742655,0.016,22,Jilin,吉林,通化,125.93895919652049,42.02697638958177,0.056292707114076,simultaneous_2025_nameplate_stress_city337_route
LC_156220600,4.0,1.0,0.031,0.000118402,0.031,22,Jilin,吉林,白山,126.95633683516584,41.99481919583472,0.0457658682752441,simultaneous_2025_nameplate_stress_city337_route
LC_156220700,10.0,5.0,3.583957055,0.4564173989999998,3.583957055,22,Jilin,吉林,松原,124.69796619823435,45.005891414525045,0.0806670876508023,simultaneous_2025_nameplate_stress_city337_route
LC_156220800,26.0,15.0,10.945725303,2.1829381289999996,10.945725303,22,Jilin,吉林,白城,123.00252255659444,45.47609627737358,0.0826570403371192,simultaneous_2025_nameplate_stress_city337_route
LC_156222400,12.0,5.0,0.4749654859999999,0.2448008499999996,0.4749654859999999,22,Jilin,吉林,延边朝鲜族,129.3121561614382,43.1080496946721,0.1149859657698145,simultaneous_2025_nameplate_stress_city337_route
LC_156230100,10.0,4.0,1.5418770919999998,0.015080066,1.5418770919999998,23,Heilongjiang,黑龙江,哈尔滨,126.91498206984012,45.6939479580772,0.2208401945399355,simultaneous_2025_nameplate_stress_city337_route
LC_156230200,17.0,10.0,2.871857727,1.0014177279999998,2.871857727,23,Heilongjiang,黑龙江,齐齐哈尔,124.25656520241834,47.50981104438542,0.0888523732434224,simultaneous_2025_nameplate_stress_city337_route
LC_156230300,9.0,4.0,0.856877092,0.0305140229999999,0.856877092,23,Heilongjiang,黑龙江,鸡西,131.5208595381243,45.4255695502367,0.0238862295214943,simultaneous_2025_nameplate_stress_city337_route
LC_156230400,10.0,3.0,1.0239309719999998,0.105062289,1.0239309719999998,23,Heilongjiang,黑龙江,鹤岗,130.47386042242272,47.41678693549512,0.0421633955098206,simultaneous_2025_nameplate_stress_city337_route
LC_156230500,15.0,3.0,0.8728316429999999,0.024509326,0.8728316429999999,23,Heilongjiang,黑龙江,双鸭山,131.75886348038568,46.664136549356265,0.0571423766720109,simultaneous_2025_nameplate_stress_city337_route
LC_156230600,16.0,7.0,6.545903694,2.048233352,6.545903694,23,Heilongjiang,黑龙江,大庆,124.88627883831488,46.49460655088928,0.1761459327847393,simultaneous_2025_nameplate_stress_city337_route
LC_156230700,6.0,5.0,2.088159928,0.0,2.088159928,23,Heilongjiang,黑龙江,伊春,128.98672951810636,47.555440165771984,0.0510731783466362,simultaneous_2025_nameplate_stress_city337_route
LC_156230800,16.0,7.0,1.1279461210000001,0.00248021,1.1279461210000001,23,Heilongjiang,黑龙江,佳木斯,131.22400399551353,46.982838735021616,0.1533462535166627,simultaneous_2025_nameplate_stress_city337_route
LC_156230900,22.0,10.0,2.929678435,0.009396056,2.929678435,23,Heilongjiang,黑龙江,七台河,131.00265734156096,45.84517544440427,0.0281699475072288,simultaneous_2025_nameplate_stress_city337_route
LC_156231000,12.0,6.0,0.7965791079999999,0.0,0.7965791079999999,23,Heilongjiang,黑龙江,牡丹江,129.81087819753768,44.569410317683456,0.0575485596664477,simultaneous_2025_nameplate_stress_city337_route
LC_156231100,17.0,6.0,1.0946523499999998,0.00781454,1.0946523499999998,23,Heilongjiang,黑龙江,黑河,126.7455645661486,49.17483635748711,0.0437195144739607,simultaneous_2025_nameplate_stress_city337_route
LC_156231200,6.0,4.0,0.8480521689999999,0.16724332799999989,0.8480521689999999,23,Heilongjiang,黑龙江,绥化,126.485699082769,46.74736655767838,0.05102762371328,simultaneous_2025_nameplate_stress_city337_route
LC_156232700,4.0,0.0,0.0,0.0,0.0,23,Heilongjiang,黑龙江,大兴安岭,123.84779182186917,52.63588436783732,0.0060844205043603,simultaneous_2025_nameplate_stress_city337_route
LC_156310000,55.0,10.0,1.214166196,2.8743712199999996,1.214166196,31,Shanghai,上海,上海,121.45733159245648,31.184575666584077,1.0,simultaneous_2025_nameplate_stress_city337_route
LC_156320100,68.0,7.0,0.843438933,1.388295635,0.843438933,32,Jiangsu,江苏,南京,118.7901897697613,32.00680237061514,0.1244665029642913,simultaneous_2025_nameplate_stress_city337_route
LC_156320200,35.0,3.0,0.45545791099999994,2.471243289,0.45545791099999994,32,Jiangsu,江苏,无锡,120.2342647194128,31.59171098863126,0.1281242884735637,simultaneous_2025_nameplate_stress_city337_route
LC_156320300,5.0,2.0,1.930911224,2.1467830589999997,1.930911224,32,Jiangsu,江苏,徐州,117.43204994198906,34.34131296885673,0.0831362013106868,simultaneous_2025_nameplate_stress_city337_route
LC_156320400,42.0,6.0,1.0524597449999997,3.160938481,1.0524597449999997,32,Jiangsu,江苏,常州,119.82133665801008,31.722635012131462,0.0956733454301512,simultaneous_2025_nameplate_stress_city337_route
LC_156320500,40.0,7.0,0.45522272499999994,7.225337637,0.45522272499999994,32,Jiangsu,江苏,苏州,120.69075644641194,31.405427074533332,0.1740814829685299,simultaneous_2025_nameplate_stress_city337_route
LC_156320600,10.0,5.0,8.605072356,3.623285605,8.605072356,32,Jiangsu,江苏,南通,120.97751593551456,32.13229111696797,0.0796360986227594,simultaneous_2025_nameplate_stress_city337_route
LC_156320700,10.0,6.0,7.830017817,3.5781104409999993,7.830017817,32,Jiangsu,江苏,连云港,119.13757230023066,34.56298573628958,0.0352826892563134,simultaneous_2025_nameplate_stress_city337_route
LC_156320800,4.0,4.0,5.224631828,5.013756317,5.224631828,32,Jiangsu,江苏,淮安,119.02595919477234,33.469221430678765,0.0375758601070122,simultaneous_2025_nameplate_stress_city337_route
LC_156320900,14.0,10.0,14.062172378,6.555065622,14.062172378,32,Jiangsu,江苏,盐城,120.12579537802202,33.49339577033431,0.0597331529824604,simultaneous_2025_nameplate_stress_city337_route
LC_156321000,12.0,4.0,1.226304447,0.023625013,1.226304447,32,Jiangsu,江苏,扬州,119.47113296805315,32.59696072034763,0.0455957979808239,simultaneous_2025_nameplate_stress_city337_route
LC_156321100,33.0,5.0,0.7929539050000001,0.23222453099999998,0.7929539050000001,32,Jiangsu,江苏,镇江,119.5240248159344,32.052067350669624,0.0456268018775706,simultaneous_2025_nameplate_stress_city337_route
LC_156321200,4.0,3.0,0.982881307,0.44945923599999993,0.982881307,32,Jiangsu,江苏,泰州,120.0616090365976,32.45692412280418,0.0505986418927852,simultaneous_2025_nameplate_stress_city337_route
LC_156321300,5.0,4.0,5.337395302,4.984434597,5.337395302,32,Jiangsu,江苏,宿迁,118.56158108631612,33.85397684845976,0.0404691361330515,simultaneous_2025_nameplate_stress_city337_route
LC_156330100,51.0,8.0,0.556278619,0.058068515,0.556278619,33,Zhejiang,浙江,杭州,120.07028578003496,30.212828389084443,0.1706001693016006,simultaneous_2025_nameplate_stress_city337_route
LC_156330200,13.0,6.0,3.571219931,6.929469719999999,3.571219931,33,Zhejiang,浙江,宁波,121.46669580409424,29.880307548975303,0.1727386811323808,simultaneous_2025_nameplate_stress_city337_route
LC_156330300,7.0,3.0,2.292775635,4.514468218999999,2.292775635,33,Zhejiang,浙江,温州,120.58868167230308,27.90750615077527,0.0984578565865647,simultaneous_2025_nameplate_stress_city337_route
LC_156330400,17.0,5.0,1.290878174,5.261657575,1.290878174,33,Zhejiang,浙江,嘉兴,120.7612177070688,30.646686764884603,0.1107770485325532,simultaneous_2025_nameplate_stress_city337_route
LC_156330500,24.0,3.0,0.841811573,7.759465115,0.841811573,33,Zhejiang,浙江,湖州,119.96994490574532,30.765968998121505,0.0766353311864451,simultaneous_2025_nameplate_stress_city337_route
LC_156330600,24.0,7.0,0.45057238899999996,0.423328407,0.45057238899999996,33,Zhejiang,浙江,绍兴,120.61195362067332,29.847286222600054,0.0949428871564614,simultaneous_2025_nameplate_stress_city337_route
LC_156330700,39.0,13.0,2.677835858,0.14242322899999998,2.677835858,33,Zhejiang,浙江,金华,119.95605185636212,29.15615177193264,0.0925796750173776,simultaneous_2025_nameplate_stress_city337_route
LC_156330800,12.0,5.0,1.297,0.7786036469999997,1.297,33,Zhejiang,浙江,衢州,118.75341018497798,28.913224882689004,0.0424094220729981,simultaneous_2025_nameplate_stress_city337_route
LC_156330900,5.0,2.0,2.553138574,0.061855874,2.553138574,33,Zhejiang,浙江,舟山,122.17244844690332,30.075659932049884,0.0410905235195084,simultaneous_2025_nameplate_stress_city337_route
LC_156331000,8.0,5.0,2.827883235,4.765913688,2.827883235,33,Zhejiang,浙江,台州,121.27956531509248,28.60574187985812,0.0680807599195607,simultaneous_2025_nameplate_stress_city337_route
LC_156331100,9.0,3.0,0.5246220530000001,0.0350626,0.5246220530000001,33,Zhejiang,浙江,丽水,119.7127777798705,28.306641872078973,0.0316876455745491,simultaneous_2025_nameplate_stress_city337_route
LC_156340100,38.0,11.0,4.579192941,1.937256342,4.579192941,34,Anhui,安徽,合肥,117.2835132358711,31.819766720979278,0.1413699009005965,simultaneous_2025_nameplate_stress_city337_route
LC_156340200,30.0,5.0,0.9822295029999999,0.037472872,0.9822295029999999,34,Anhui,安徽,芜湖,118.25733189312623,31.21741042900644,0.0867582427498243,simultaneous_2025_nameplate_stress_city337_route
LC_156340300,8.0,6.0,2.1759257779999994,2.2931149289999997,2.1759257779999994,34,Anhui,安徽,蚌埠,117.34054568036213,33.021836769648736,0.0582358518591171,simultaneous_2025_nameplate_stress_city337_route
LC_156340400,18.0,7.0,2.741051224,1.8657336109999996,2.741051224,34,Anhui,安徽,淮南,116.87244194284165,32.55494089482383,0.0570741883662335,simultaneous_2025_nameplate_stress_city337_route
LC_156340500,11.0,5.0,1.121807182,3.848309075,1.121807182,34,Anhui,安徽,马鞍山,118.47096068474391,31.645476725479007,0.0679327507171774,simultaneous_2025_nameplate_stress_city337_route
LC_156340600,6.0,2.0,1.228806586,1.4023429179999998,1.228806586,34,Anhui,安徽,淮北,116.7665554863822,33.85953360800217,0.0460458262877047,simultaneous_2025_nameplate_stress_city337_route
LC_156340700,19.0,7.0,1.73,0.22644051599999998,1.73,34,Anhui,安徽,铜陵,117.70619467730457,30.911115658594422,0.0450901343817823,simultaneous_2025_nameplate_stress_city337_route
LC_156340800,9.0,6.0,1.4324420199999999,1.372561589,1.4324420199999999,34,Anhui,安徽,安庆,116.70986148874933,30.60310670062561,0.0532707945821372,simultaneous_2025_nameplate_stress_city337_route
LC_156341000,10.0,3.0,0.097457911,0.0,0.097457911,34,Anhui,安徽,黄山,118.21701951113089,29.849444402201254,0.0344493760682272,simultaneous_2025_nameplate_stress_city337_route
LC_156341100,19.0,10.0,1.6948484389999998,6.9673950510000004,1.6948484389999998,34,Anhui,安徽,滁州,118.21105209533684,32.52380121662991,0.0782829371027485,simultaneous_2025_nameplate_stress_city337_route
LC_156341200,18.0,9.0,2.475914338,3.2929771699999995,2.475914338,34,Anhui,安徽,阜阳,115.68952188363616,32.95703688456084,0.0677802669606927,simultaneous_2025_nameplate_stress_city337_route
LC_156341300,9.0,5.0,1.5337013459999997,2.324075549,1.5337013459999997,34,Anhui,安徽,宿州,117.12653213217638,33.89294163239236,0.053671459016729,simultaneous_2025_nameplate_stress_city337_route
LC_156341500,7.0,5.0,1.4844882099999999,0.6592938339999999,1.4844882099999999,34,Anhui,安徽,六安,116.3638800694421,31.674147586155787,0.0599388239629014,simultaneous_2025_nameplate_stress_city337_route
LC_156341600,7.0,3.0,1.092137604,1.3485310919999998,1.092137604,34,Anhui,安徽,亳州,116.1374193796992,33.47334423979524,0.0513506146182923,simultaneous_2025_nameplate_stress_city337_route
LC_156341700,12.0,3.0,0.903953617,0.00487624,0.903953617,34,Anhui,安徽,池州,117.423818698714,30.378454261955905,0.0423468846959675,simultaneous_2025_nameplate_stress_city337_route
LC_156341800,19.0,4.0,0.5859716939999999,2.1993953119999996,0.5859716939999999,34,Anhui,安徽,宣城,118.9349836530944,30.76000336101024,0.0564019477298676,simultaneous_2025_nameplate_stress_city337_route
LC_156350100,9.0,6.0,1.4767668289999998,0.050329458,1.4767668289999998,35,Fujian,福建,福州,119.33503914895677,26.030582446607337,0.1770648579084508,simultaneous_2025_nameplate_stress_city337_route
LC_156350200,11.0,6.0,1.119,2.132934295,1.119,35,Fujian,福建,厦门,118.0949636092327,24.57990769767808,0.1203648345881927,simultaneous_2025_nameplate_stress_city337_route
LC_156350300,3.0,2.0,3.226299867,3.172175853,3.226299867,35,Fujian,福建,莆田,118.96814493549714,25.43731544264866,0.0812027323822207,simultaneous_2025_nameplate_stress_city337_route
LC_156350400,4.0,3.0,1.3009999999999997,0.06186124099999999,1.3009999999999997,35,Fujian,福建,三明,117.48855882076478,26.23600317619812,0.058264734416752,simultaneous_2025_nameplate_stress_city337_route
LC_156350500,0.0,0.0,0.0,0.0,0.0,35,Fujian,福建,泉州,118.4944240655524,24.96207007598155,0.1764854986549723,simultaneous_2025_nameplate_stress_city337_route
LC_156350600,2.0,2.0,1.2309654859999999,3.9486043100000003,1.2309654859999999,35,Fujian,福建,漳州,117.5566152510941,24.336839470901072,0.1222208924297743,simultaneous_2025_nameplate_stress_city337_route
LC_156350700,5.0,5.0,0.283030299,0.015415711,0.283030299,35,Fujian,福建,南平,118.14858364174276,27.2302065532872,0.068919665306222,simultaneous_2025_nameplate_stress_city337_route
LC_156350800,5.0,2.0,0.429339218,0.039179632999999804,0.429339218,35,Fujian,福建,龙岩,116.83201590552332,25.25631997225996,0.0770318138470773,simultaneous_2025_nameplate_stress_city337_route
LC_156350900,6.0,2.0,0.38194612,0.0,0.38194612,35,Fujian,福建,宁德,119.64766208123866,26.972896803729867,0.1184449704663377,simultaneous_2025_nameplate_stress_city337_route
LC_156360100,30.0,12.0,3.4575572390000002,2.448593012,3.4575572390000002,36,Jiangxi,江西,南昌,115.94027196205948,28.66262402876349,0.1276667075373287,simultaneous_2025_nameplate_stress_city337_route
LC_156360200,11.0,6.0,1.916996526,2.521794021,1.916996526,36,Jiangxi,江西,景德镇,117.23422275701668,29.22464823329441,0.0748691612046901,simultaneous_2025_nameplate_stress_city337_route
LC_156360300,2.0,2.0,0.4432937689999999,0.044693937999999996,0.4432937689999999,36,Jiangxi,江西,萍乡,113.87507933569836,27.61001262731997,0.0726990264171543,simultaneous_2025_nameplate_stress_city337_route
LC_156360400,15.0,5.0,2.093593746,4.207002801,2.093593746,36,Jiangxi,江西,九江,115.72751429392586,29.460351402182223,0.1145169438046508,simultaneous_2025_nameplate_stress_city337_route
LC_156360500,10.0,6.0,1.703557239,0.1339284489999998,1.703557239,36,Jiangxi,江西,新余,114.93381104488373,27.846674863885365,0.0731043317957099,simultaneous_2025_nameplate_stress_city337_route
LC_156360600,12.0,6.0,2.043,0.39065577,2.043,36,Jiangxi,江西,鹰潭,117.069775617684,28.238880027006413,0.0550226729684917,simultaneous_2025_nameplate_stress_city337_route
LC_156360700,13.0,10.0,3.0609846419999998,0.5811002119999998,3.0609846419999998,36,Jiangxi,江西,赣州,115.19096673720564,25.750214674183525,0.1098687522526181,simultaneous_2025_nameplate_stress_city337_route
LC_156360800,6.0,5.0,2.5305252310000004,0.102389114,2.5305252310000004,36,Jiangxi,江西,吉安,114.86322874526188,27.01510866037377,0.087405406925283,simultaneous_2025_nameplate_stress_city337_route
LC_156360900,8.0,6.0,1.402,0.370691731,1.402,36,Jiangxi,江西,宜春,114.95538490881717,28.16414035985325,0.1089262012051264,simultaneous_2025_nameplate_stress_city337_route
LC_156361000,7.0,3.0,4.022961271,0.3654972319999999,4.022961271,36,Jiangxi,江西,抚州,116.42705045645084,27.66878167410147,0.0777690987342829,simultaneous_2025_nameplate_stress_city337_route
LC_156361100,5.0,4.0,0.3450648139999999,0.06450888599999999,0.3450648139999999,36,Jiangxi,江西,上饶,117.5986621577174,28.65636909571019,0.0981516971546634,simultaneous_2025_nameplate_stress_city337_route
LC_156370100,45.0,7.0,0.47140824699999995,2.363876977,0.47140824699999995,37,Shandong,山东,济南,117.13111373201129,36.61945093122216,0.0639093986050646,simultaneous_2025_nameplate_stress_city337_route
LC_156370200,40.0,12.0,2.2115336589999997,1.4552224589999998,2.2115336589999997,37,Shandong,山东,青岛,120.23284786883085,36.222969608707935,0.067843229799132,simultaneous_2025_nameplate_stress_city337_route
LC_156370300,19.0,8.0,1.6689352839999998,2.8748432059999995,1.6689352839999998,37,Shandong,山东,淄博,118.05381085331616,36.72228993561073,0.0580474271018064,simultaneous_2025_nameplate_stress_city337_route
LC_156370400,15.0,6.0,2.174351952,0.6894731319999999,2.174351952,37,Shandong,山东,枣庄,117.3551009116416,34.91842254279741,0.0394441159114892,simultaneous_2025_nameplate_stress_city337_route
LC_156370500,25.0,7.0,13.979745721,17.07923667,13.979745721,37,Shandong,山东,东营,118.58855261105084,37.4667218402763,0.053865991175513,simultaneous_2025_nameplate_stress_city337_route
LC_156370600,21.0,6.0,5.345254236,2.7167508309999997,5.345254236,37,Shandong,山东,烟台,120.9107306149932,37.342519741698176,0.0723963641000618,simultaneous_2025_nameplate_stress_city337_route
LC_156370700,50.0,14.0,8.677574142000001,6.375390596,8.677574142000001,37,Shandong,山东,潍坊,119.08664824278358,36.56840807379664,0.0806220936475476,simultaneous_2025_nameplate_stress_city337_route
LC_156370800,22.0,8.0,1.7581944419999997,0.3679419529999999,1.7581944419999997,37,Shandong,山东,济宁,116.6900614529516,35.40561562103976,0.0564662330318184,simultaneous_2025_nameplate_stress_city337_route
LC_156370900,12.0,5.0,3.193411659,1.7559479569999996,3.193411659,37,Shandong,山东,泰安,117.07991707786849,36.04515905348367,0.0388452247924985,simultaneous_2025_nameplate_stress_city337_route
LC_156371000,4.0,3.0,5.9553017939999995,0.007043357,5.9553017939999995,37,Shandong,山东,威海,122.06930421941009,37.16626106729771,0.0283524318347873,simultaneous_2025_nameplate_stress_city337_route
LC_156371100,25.0,6.0,8.727319855000001,1.4231360549999998,8.727319855000001,37,Shandong,山东,日照,119.1926711028666,35.53004341654328,0.0424747385854037,simultaneous_2025_nameplate_stress_city337_route
LC_156371300,22.0,7.0,1.186732315,0.3331392759999998,1.186732315,37,Shandong,山东,临沂,118.29383749637272,35.2072875686119,0.0713628232370938,simultaneous_2025_nameplate_stress_city337_route
LC_156371400,9.0,4.0,2.825189743,0.333084064,2.825189743,37,Shandong,山东,德州,116.60953384984673,37.285205707967975,0.052364023635446,simultaneous_2025_nameplate_stress_city337_route
LC_156371500,12.0,5.0,2.4036071719999996,1.0974425139999997,2.4036071719999996,37,Shandong,山东,聊城,115.88572175127013,36.468087962444045,0.0861063302098529,simultaneous_2025_nameplate_stress_city337_route
LC_156371600,10.0,4.0,4.738218155,5.494239521999999,4.738218155,37,Shandong,山东,滨州,117.8558823744728,37.38440415921561,0.1386243254806863,simultaneous_2025_nameplate_stress_city337_route
LC_156371700,9.0,7.0,1.7471540019999998,0.162998846,1.7471540019999998,37,Shandong,山东,菏泽,115.68132623065924,35.16678016875438,0.049275248851798,simultaneous_2025_nameplate_stress_city337_route
LC_156410100,50.0,4.0,0.565393097,2.5610603149999998,0.565393097,41,Henan,河南,郑州,113.58536480099949,34.70250849463759,0.1353377302535078,simultaneous_2025_nameplate_stress_city337_route
LC_156410200,27.0,7.0,1.7200345309999998,1.0271584759999999,1.7200345309999998,41,Henan,河南,开封,114.48374156679174,34.665708636360044,0.0658756387309975,simultaneous_2025_nameplate_stress_city337_route
LC_156410300,50.0,12.0,2.053911606,3.831555113,2.053911606,41,Henan,河南,洛阳,112.33528795095536,34.5393949633449,0.1051593744637835,simultaneous_2025_nameplate_stress_city337_route
LC_156410400,28.0,8.0,2.330075748,2.519176694,2.330075748,41,Henan,河南,平顶山,113.11691346127564,33.807239076603786,0.0603884546926697,simultaneous_2025_nameplate_stress_city337_route
LC_156410500,26.0,6.0,2.75152384,2.4516115629999997,2.75152384,41,Henan,河南,安阳,114.32833701195769,35.95492671132825,0.0570164846724394,simultaneous_2025_nameplate_stress_city337_route
LC_156410600,14.0,7.0,2.2426157,1.4879107869999997,2.2426157,41,Henan,河南,鹤壁,114.36871600000006,35.640444500187755,0.0285721534735969,simultaneous_2025_nameplate_stress_city337_route
LC_156410700,27.0,6.0,1.0990454479999998,0.8614700479999999,1.0990454479999998,41,Henan,河南,新乡,114.06642277340492,35.277821113426405,0.062246528945914,simultaneous_2025_nameplate_stress_city337_route
LC_156410800,42.0,6.0,0.528423396,1.4631983829999997,0.528423396,41,Henan,河南,焦作,113.13588287022212,35.13526877407565,0.0621066374219702,simultaneous_2025_nameplate_stress_city337_route
LC_156410900,21.0,8.0,2.28895956,0.5421112069999999,2.28895956,41,Henan,河南,濮阳,115.2022776895333,35.791982655599874,0.0395209878997346,simultaneous_2025_nameplate_stress_city337_route
LC_156411000,17.0,5.0,7.641453696,0.959752673,7.641453696,41,Henan,河南,许昌,113.72057349028668,34.085303447565096,0.0439249459616097,simultaneous_2025_nameplate_stress_city337_route
LC_156411100,20.0,4.0,1.3178274289999998,0.638550222,1.3178274289999998,41,Henan,河南,漯河,113.93000363241394,33.64915152908815,0.0367856649258331,simultaneous_2025_nameplate_stress_city337_route
LC_156411200,31.0,7.0,1.7157238849999998,9.028810436,1.7157238849999998,41,Henan,河南,三门峡,111.27202341070254,34.5760291838153,0.0386755211408669,simultaneous_2025_nameplate_stress_city337_route
LC_156411300,39.0,12.0,2.3870715340000004,0.2386824179999999,2.3870715340000004,41,Henan,河南,南阳,112.39936412564168,32.95655078119953,0.0673273078022331,simultaneous_2025_nameplate_stress_city337_route
LC_156411400,28.0,6.0,2.1032325889999997,1.2456829579999997,2.1032325889999997,41,Henan,河南,商丘,115.6916367685468,34.28230865003694,0.0521140222424312,simultaneous_2025_nameplate_stress_city337_route
LC_156411500,23.0,9.0,1.251393097,0.0330158049999999,1.251393097,41,Henan,河南,信阳,114.77899883753136,32.1349839641952,0.0496392718807641,simultaneous_2025_nameplate_stress_city337_route
LC_156411600,10.0,4.0,1.239388881,1.3336410529999998,1.239388881,41,Henan,河南,周口,114.885204379792,33.66632243939365,0.0476463471956556,simultaneous_2025_nameplate_stress_city337_route
LC_156411700,26.0,10.0,1.484702016,0.7368446749999998,1.484702016,41,Henan,河南,驻马店,114.16382755924651,32.97699986531894,0.047662928295992,simultaneous_2025_nameplate_stress_city337_route
LC_156420100,54.0,7.0,1.57160325,0.5727343229999999,1.57160325,42,Hubei,湖北,武汉,114.31440620829392,30.57920855580496,0.1804894654735028,simultaneous_2025_nameplate_stress_city337_route
LC_156420200,15.0,3.0,3.428508828,0.5610307309999999,3.428508828,42,Hubei,湖北,黄石,114.9998351540349,30.066797246659817,0.0743463376253461,simultaneous_2025_nameplate_stress_city337_route
LC_156420300,3.0,2.0,0.20700000000000002,0.24022994699999967,0.20700000000000002,42,Hubei,湖北,十堰,110.62123203065856,32.538610641689544,0.056063635251701,simultaneous_2025_nameplate_stress_city337_route
LC_156420500,26.0,7.0,0.9741254119999998,0.089506537,0.9741254119999998,42,Hubei,湖北,宜昌,111.3310113788688,30.704974841439025,0.0924014357768024,simultaneous_2025_nameplate_stress_city337_route
LC_156420600,19.0,6.0,4.509194151,0.8959713459999998,4.509194151,42,Hubei,湖北,襄阳,112.07464434538302,32.05405568642085,0.0774124068592236,simultaneous_2025_nameplate_stress_city337_route
LC_156420700,19.0,4.0,0.9722289550000001,0.1165758049999999,0.9722289550000001,42,Hubei,湖北,鄂州,114.84036421006772,30.346478067511395,0.0623409662248123,simultaneous_2025_nameplate_stress_city337_route
LC_156420800,14.0,7.0,4.056688101,0.09043140699999999,4.056688101,42,Hubei,湖北,荆门,112.47374175555122,31.04833365354147,0.0691206148906186,simultaneous_2025_nameplate_stress_city337_route
LC_156420900,27.0,8.0,5.305976728,2.2783971469999997,5.305976728,42,Hubei,湖北,孝感,113.84306560666634,30.99868416653289,0.0648166006638306,simultaneous_2025_nameplate_stress_city337_route
LC_156421000,20.0,7.0,3.669915822,1.684254269,3.669915822,42,Hubei,湖北,荆州,112.47897159093732,30.084410160458138,0.0807086459700635,simultaneous_2025_nameplate_stress_city337_route
LC_156421100,5.0,3.0,3.3816152510000004,7.315113423,3.3816152510000004,42,Hubei,湖北,黄冈,115.33170112384413,30.58806076430588,0.076305473634283,simultaneous_2025_nameplate_stress_city337_route
LC_156421200,14.0,5.0,1.722,0.0,1.722,42,Hubei,湖北,咸宁,114.14928645880838,29.67343061344581,0.0657184035750396,simultaneous_2025_nameplate_stress_city337_route
LC_156421300,12.0,8.0,4.619758106999999,10.51529717,4.619758106999999,42,Hubei,湖北,随州,113.51166056508916,31.72046560486337,0.0534612447598813,simultaneous_2025_nameplate_stress_city337_route
LC_156422800,4.0,1.0,0.969354367,0.0022031999999999,0.969354367,42,Hubei,湖北,恩施土家族苗族,109.45117470536216,30.2044207831269,0.0468147692948948,simultaneous_2025_nameplate_stress_city337_route
LC_156430100,10.0,6.0,0.245,0.026976512,0.245,43,Hunan,湖南,长沙,113.0119557935809,28.196568413031816,0.1821991718862582,simultaneous_2025_nameplate_stress_city337_route
LC_156430200,7.0,5.0,0.33640824700000005,0.000599092,0.33640824700000005,43,Hunan,湖南,株洲,113.3318344442936,27.53702927219435,0.0734014314868105,simultaneous_2025_nameplate_stress_city337_route
LC_156430300,14.0,5.0,0.6314730599999999,0.0,0.6314730599999999,43,Hunan,湖南,湘潭,112.73209257911206,27.80766261102656,0.0648128463866494,simultaneous_2025_nameplate_stress_city337_route
LC_156430400,16.0,9.0,1.124110263,0.0,1.124110263,43,Hunan,湖南,衡阳,112.57373596043034,26.79179344369126,0.0787287041882795,simultaneous_2025_nameplate_stress_city337_route
LC_156430500,9.0,6.0,1.794797129,0.000183582,1.794797129,43,Hunan,湖南,邵阳,111.19397187927676,27.08063213891574,0.0727758795102163,simultaneous_2025_nameplate_stress_city337_route
LC_156430600,15.0,7.0,1.5846372020000001,11.070283519,1.5846372020000001,43,Hunan,湖南,岳阳,113.20248067139488,29.155796687011534,0.1013908273005324,simultaneous_2025_nameplate_stress_city337_route
LC_156430700,11.0,5.0,1.10650336,0.215332624,1.10650336,43,Hunan,湖南,常德,111.669113644337,29.246424865434456,0.0863532828086922,simultaneous_2025_nameplate_stress_city337_route
LC_156430800,1.0,1.0,0.094293769,0.0,0.094293769,43,Hunan,湖南,张家界,110.55959818510092,29.314279061872487,0.0322147454711087,simultaneous_2025_nameplate_stress_city337_route
LC_156430900,6.0,3.0,1.4527020160000002,0.0,1.4527020160000002,43,Hunan,湖南,益阳,112.18664827548832,28.64514808452993,0.067062391697862,simultaneous_2025_nameplate_stress_city337_route
LC_156431000,12.0,7.0,2.7402120969999992,0.050631511,2.7402120969999992,43,Hunan,湖南,郴州,112.99533764471794,25.7822058055701,0.0658278168226586,simultaneous_2025_nameplate_stress_city337_route
LC_156431100,32.0,11.0,6.261504662999999,1.728180747,6.261504662999999,43,Hunan,湖南,永州,111.75389374320272,25.9275967656045,0.053457523528394,simultaneous_2025_nameplate_stress_city337_route
LC_156431200,6.0,3.0,1.615533659,0.001145474,1.615533659,43,Hunan,湖南,怀化,110.00885074371156,27.549241527197527,0.0568118887456133,simultaneous_2025_nameplate_stress_city337_route
LC_156431300,6.0,3.0,4.7333737320000004,0.0,4.7333737320000004,43,Hunan,湖南,娄底,111.7617498673525,27.708823382941716,0.0318618573605658,simultaneous_2025_nameplate_stress_city337_route
LC_156433100,4.0,2.0,0.251,0.000103787,0.251,43,Hunan,湖南,湘西土家族苗族,109.70173937569608,28.599835826665544,0.0331016328063584,simultaneous_2025_nameplate_stress_city337_route
LC_156440100,74.0,7.0,3.2979999999999996,0.021099701,3.2979999999999996,44,Guangdong,广东,广州,113.37749802570328,23.17509702968502,0.0629788239819861,simultaneous_2025_nameplate_stress_city337_route
LC_156440200,25.0,10.0,2.643453695,0.19115325099999989,2.643453695,44,Guangdong,广东,韶关,113.66380489878856,24.82884326278727,0.0619448652383496,simultaneous_2025_nameplate_stress_city337_route
LC_156440300,75.0,5.0,0.164056473,0.1680593199999999,0.164056473,44,Guangdong,广东,深圳,114.06178938885184,22.64778440005679,0.1138400116421832,simultaneous_2025_nameplate_stress_city337_route
LC_156440400,27.0,4.0,0.800693909,1.064677186,0.800693909,44,Guangdong,广东,珠海,113.46865312325012,22.187752249642884,0.046715000927326,simultaneous_2025_nameplate_stress_city337_route
LC_156440500,16.0,4.0,3.340213267,4.688546259000001,3.340213267,44,Guangdong,广东,汕头,116.47017506924068,23.26556746904424,0.0432683070302263,simultaneous_2025_nameplate_stress_city337_route
LC_156440600,40.0,3.0,0.024999999999999998,0.006794507,0.024999999999999998,44,Guangdong,广东,佛山,113.0610800045255,22.98372627215594,0.0719140979927881,simultaneous_2025_nameplate_stress_city337_route
LC_156440700,29.0,5.0,1.835224741,1.7592e-05,1.835224741,44,Guangdong,广东,江门,112.85192958878056,22.44277125839826,0.0518544606930929,simultaneous_2025_nameplate_stress_city337_route
LC_156440800,27.0,11.0,4.632459518,13.645277942,4.632459518,44,Guangdong,广东,湛江,110.29267856259972,21.189563069274424,0.0462698577294042,simultaneous_2025_nameplate_stress_city337_route
LC_156440900,18.0,3.0,0.759831642,3.6149702260000005,0.759831642,44,Guangdong,广东,茂名,110.9395107164813,21.88412567230377,0.0304275634142921,simultaneous_2025_nameplate_stress_city337_route
LC_156441200,18.0,4.0,1.849358582,0.0,1.849358582,44,Guangdong,广东,肇庆,112.41707053867404,23.34688571916796,0.035424951253036,simultaneous_2025_nameplate_stress_city337_route
LC_156441300,35.0,3.0,1.338,0.0,1.338,44,Guangdong,广东,惠州,114.49668630068965,23.11519287964786,0.0662218638078951,simultaneous_2025_nameplate_stress_city337_route
LC_156441400,18.0,5.0,1.3097365300000001,2.0540483249999997,1.3097365300000001,44,Guangdong,广东,梅州,116.0439544060435,24.20712098628861,0.0293830940923611,simultaneous_2025_nameplate_stress_city337_route
LC_156441500,17.0,6.0,3.5133824569999996,0.020815188,3.5133824569999996,44,Guangdong,广东,汕尾,115.5115726417528,22.94895792175508,0.0232563060048113,simultaneous_2025_nameplate_stress_city337_route
LC_156441600,18.0,6.0,0.750851008,0.054821362,0.750851008,44,Guangdong,广东,河源,114.83732089813216,23.884225198381543,0.0238906203956608,simultaneous_2025_nameplate_stress_city337_route
LC_156441700,21.0,11.0,7.7609657059999995,0.6463334749999997,7.7609657059999995,44,Guangdong,广东,阳江,111.82976678279796,21.925708403016976,0.0274941166203274,simultaneous_2025_nameplate_stress_city337_route
LC_156441800,26.0,6.0,1.6245887909999999,0.0,1.6245887909999999,44,Guangdong,广东,清远,113.02023904697752,24.02059203088552,0.0370833737634994,simultaneous_2025_nameplate_stress_city337_route
LC_156441900,57.0,2.0,0.025,0.0,0.025,44,Guangdong,广东,东莞,113.87572311129094,22.93531375760856,0.0994549793958766,simultaneous_2025_nameplate_stress_city337_route
LC_156442000,39.0,3.0,0.012,0.0,0.012,44,Guangdong,广东,中山,113.384370842811,22.52046658574625,0.0507999483978333,simultaneous_2025_nameplate_stress_city337_route
LC_156445100,15.0,2.0,0.7928083869999999,3.8369574130000004,0.7928083869999999,44,Guangdong,广东,潮州,116.70440027109244,23.74462733369886,0.0251006806680057,simultaneous_2025_nameplate_stress_city337_route
LC_156445200,17.0,5.0,0.731,0.051748642,0.731,44,Guangdong,广东,揭阳,116.2191994112166,23.3797553466102,0.0300678744147148,simultaneous_2025_nameplate_stress_city337_route
LC_156445300,17.0,6.0,1.374677184,0.09402659,1.374677184,44,Guangdong,广东,云浮,111.8530148966964,22.80276456891656,0.0226092025363289,simultaneous_2025_nameplate_stress_city337_route
LC_156450100,22.0,12.0,3.5177679069999996,0.0601790499999999,3.5177679069999996,45,Guangxi,广西,南宁,108.40232287168864,22.872588572596676,0.0984284712415369,simultaneous_2025_nameplate_stress_city337_route
LC_156450200,17.0,8.0,2.103980637,0.0,2.103980637,45,Guangxi,广西,柳州,109.38503725709194,24.49914364617686,0.074895213320461,simultaneous_2025_nameplate_stress_city337_route
LC_156450300,27.0,12.0,2.113026968,0.00010399,2.113026968,45,Guangxi,广西,桂林,110.41433023649508,25.275468365762723,0.0770914282110808,simultaneous_2025_nameplate_stress_city337_route
LC_156450400,6.0,4.0,1.4652208569999998,0.012336549,1.4652208569999998,45,Guangxi,广西,梧州,111.0465508826504,23.38984403184593,0.0582308015694166,simultaneous_2025_nameplate_stress_city337_route
LC_156450500,6.0,5.0,3.482367423,7.3658097940000005,3.482367423,45,Guangxi,广西,北海,109.23573210385372,21.534618777440425,0.0592357455223969,simultaneous_2025_nameplate_stress_city337_route
LC_156450600,13.0,4.0,2.465778288,0.006156961,2.465778288,45,Guangxi,广西,防城港,108.16129296075432,21.726787975037045,0.0728833796337116,simultaneous_2025_nameplate_stress_city337_route
LC_156450700,3.0,1.0,1.3192937679999996,0.0,1.3192937679999996,45,Guangxi,广西,钦州,108.9377032844117,22.14821454359344,0.0571009071037768,simultaneous_2025_nameplate_stress_city337_route
LC_156450800,12.0,5.0,2.291004472,0.263608804,2.291004472,45,Guangxi,广西,贵港,109.96410674653656,23.300795947921504,0.0527792028347627,simultaneous_2025_nameplate_stress_city337_route
LC_156450900,10.0,4.0,2.8064865699999997,0.03989504,2.8064865699999997,45,Guangxi,广西,玉林,110.18727243116685,22.47570488525635,0.0558353473104918,simultaneous_2025_nameplate_stress_city337_route
LC_156451000,28.0,12.0,2.7569153609999995,0.199669756,2.7569153609999995,45,Guangxi,广西,百色,106.62947058511308,23.809717466434208,0.1386287691489992,simultaneous_2025_nameplate_stress_city337_route
LC_156451100,15.0,5.0,1.3028440589999999,0.02593365,1.3028440589999999,45,Guangxi,广西,贺州,111.41977853144816,24.37940586970665,0.0586250395433862,simultaneous_2025_nameplate_stress_city337_route
LC_156451200,4.0,2.0,1.365124602,0.465741707,1.365124602,45,Guangxi,广西,河池,107.93343691963244,24.55824782798017,0.0805853609055466,simultaneous_2025_nameplate_stress_city337_route
LC_156451300,18.0,6.0,5.802483079999999,0.2741494209999999,5.802483079999999,45,Guangxi,广西,来宾,109.30827756406516,23.75913204923754,0.0623800846238314,simultaneous_2025_nameplate_stress_city337_route
LC_156451400,8.0,2.0,1.378673413,0.8210121939999999,1.378673413,45,Guangxi,广西,崇左,107.32713150278668,22.503481226151123,0.0533002490306009,simultaneous_2025_nameplate_stress_city337_route
LC_156460100,17.0,8.0,2.442403384,0.443275806,2.442403384,46,Hainan,海南,海口,110.40370704731724,19.863765975260748,0.0826725625280352,simultaneous_2025_nameplate_stress_city337_route
LC_156460200,8.0,3.0,0.835680452,0.866028628,0.835680452,46,Hainan,海南,三亚,109.4930453045601,18.35564839578832,0.0509421519168126,simultaneous_2025_nameplate_stress_city337_route
LC_156460300,0.0,0.0,0.0,0.0,0.0,46,Hainan,海南,三沙,114.2732119697714,7.750866690792407,0.0006090764641496,simultaneous_2025_nameplate_stress_city337_route
LC_156460400,24.0,6.0,3.265162124,2.363745927,3.265162124,46,Hainan,海南,儋州,109.4015060848739,19.568158513843787,0.8657762090910024,simultaneous_2025_nameplate_stress_city337_route
LC_156500000,58.0,14.0,3.896851076,2.5552813709999995,3.896851076,50,Chongqing,重庆,重庆,106.98904594478245,29.787793594799087,1.0,simultaneous_2025_nameplate_stress_city337_route
LC_156510100,40.0,5.0,0.01,3.7311e-05,0.01,51,Sichuan,四川,成都,104.02967468052346,30.664370070341008,0.0299850312800572,simultaneous_2025_nameplate_stress_city337_route
LC_156510300,5.0,0.0,0.0,0.0,0.0,51,Sichuan,四川,自贡,104.74368219902364,29.27202698561255,0.0597709002228023,simultaneous_2025_nameplate_stress_city337_route
LC_156510400,9.0,7.0,3.347632988,0.15728669099999998,3.347632988,51,Sichuan,四川,攀枝花,101.72600829137023,26.634952925116384,0.0465718268715372,simultaneous_2025_nameplate_stress_city337_route
LC_156510500,3.0,1.0,0.15000000000000002,0.0,0.15000000000000002,51,Sichuan,四川,泸州,105.55010934510524,28.728667426809118,0.0639794538359181,simultaneous_2025_nameplate_stress_city337_route
LC_156510600,26.0,1.0,0.002278619,0.0,0.002278619,51,Sichuan,四川,德阳,104.39062371423518,31.1337135314188,0.0690361268503107,simultaneous_2025_nameplate_stress_city337_route
LC_156510700,27.0,1.0,0.450622053,6.214299999999999e-05,0.450622053,51,Sichuan,四川,绵阳,104.81213958818869,31.522507427125984,0.0549842399983341,simultaneous_2025_nameplate_stress_city337_route
LC_156510800,9.0,3.0,0.9728316430000001,0.0007000439999999,0.9728316430000001,51,Sichuan,四川,广元,105.83683874284044,32.275084797714605,0.0436828639484201,simultaneous_2025_nameplate_stress_city337_route
LC_156510900,5.0,0.0,0.0,0.0,0.0,51,Sichuan,四川,遂宁,105.49386092322884,30.63385672064539,0.0481779603909621,simultaneous_2025_nameplate_stress_city337_route
LC_156511000,4.0,0.0,0.0,0.0,0.0,51,Sichuan,四川,内江,104.97110653760602,29.61127254486427,0.0969875116644247,simultaneous_2025_nameplate_stress_city337_route
LC_156511100,3.0,2.0,0.31,0.0,0.31,51,Sichuan,四川,乐山,103.70299933774344,29.46996363896784,0.0697727232835219,simultaneous_2025_nameplate_stress_city337_route
LC_156511300,4.0,1.0,0.001,0.0,0.001,51,Sichuan,四川,南充,106.17100971739904,31.10527330918077,0.0381637649848851,simultaneous_2025_nameplate_stress_city337_route
LC_156511400,11.0,0.0,0.0,0.0,0.0,51,Sichuan,四川,眉山,103.84734835725538,30.008882516159733,0.0209838896908168,simultaneous_2025_nameplate_stress_city337_route
LC_156511500,6.0,0.0,0.0,0.0,0.0,51,Sichuan,四川,宜宾,104.6897037098171,28.6660926578899,0.0423193502378946,simultaneous_2025_nameplate_stress_city337_route
LC_156511600,2.0,1.0,0.008,0.0,0.008,51,Sichuan,四川,广安,106.64488854715444,30.455996194131043,0.0548473604291716,simultaneous_2025_nameplate_stress_city337_route
LC_156511700,9.0,1.0,0.003,0.0,0.003,51,Sichuan,四川,达州,107.4847189491654,31.205953398801835,0.0371433139481454,simultaneous_2025_nameplate_stress_city337_route
LC_156511800,8.0,5.0,0.871,0.1999191609999999,0.871,51,Sichuan,四川,雅安,102.82654351909702,29.842182122890826,0.0252557915152321,simultaneous_2025_nameplate_stress_city337_route
LC_156511900,0.0,0.0,0.0,0.0,0.0,51,Sichuan,四川,巴中,106.97037440314266,31.890270769698542,0.0230073324554485,simultaneous_2025_nameplate_stress_city337_route
LC_156512000,3.0,0.0,0.0,0.0,0.0,51,Sichuan,四川,资阳,105.0006606772453,30.10643001424585,0.1229101812610805,simultaneous_2025_nameplate_stress_city337_route
LC_156513200,9.0,3.0,2.007,0.1181685279999996,2.007,51,Sichuan,四川,阿坝藏族羌族,102.87726533264409,32.18929409129904,0.0072137902932992,simultaneous_2025_nameplate_stress_city337_route
LC_156513300,13.0,4.0,5.864000000000001,5.8134842209999995,5.864000000000001,51,Sichuan,四川,甘孜,100.64484201743468,30.55524767504908,0.0072581514399514,simultaneous_2025_nameplate_stress_city337_route
LC_156513400,14.0,7.0,8.532799632,0.669905691,8.532799632,51,Sichuan,四川,凉山彝族,102.29861779059046,27.70095401295103,0.0379484353977857,simultaneous_2025_nameplate_stress_city337_route
LC_156520100,6.0,5.0,3.3072744050000003,0.272842829,3.3072744050000003,52,Guizhou,贵州,贵阳,106.67785756957218,26.62538390775982,0.1259795736327314,simultaneous_2025_nameplate_stress_city337_route
LC_156520200,8.0,3.0,9.907336662999999,2.714972802,9.907336662999999,52,Guizhou,贵州,六盘水,104.861865220223,26.31222875358989,0.2163325890019008,simultaneous_2025_nameplate_stress_city337_route
LC_156520300,3.0,2.0,0.993507575,0.006260981,0.993507575,52,Guizhou,贵州,遵义,106.9839117243633,27.98228159622708,0.0587931797141635,simultaneous_2025_nameplate_stress_city337_route
LC_156520400,4.0,4.0,7.765587537999999,0.664326456,7.765587537999999,52,Guizhou,贵州,安顺,105.98766008816352,26.1376434847168,0.0941635961045497,simultaneous_2025_nameplate_stress_city337_route
LC_156520500,4.0,4.0,2.26,0.0988246,2.26,52,Guizhou,贵州,毕节,105.36376320851168,27.10119097943566,0.1244991211388474,simultaneous_2025_nameplate_stress_city337_route
LC_156520600,9.0,3.0,1.392408247,0.0,1.392408247,52,Guizhou,贵州,铜仁,108.65511180030354,27.926690843748712,0.1409906289796836,simultaneous_2025_nameplate_stress_city337_route
LC_156522300,11.0,4.0,5.284686866,0.1174931999999999,5.284686866,52,Guizhou,贵州,黔西南布依族苗族,105.18182185894264,25.206704707566928,0.067864054676959,simultaneous_2025_nameplate_stress_city337_route
LC_156522600,5.0,4.0,1.806289554,0.013933536,1.806289554,52,Guizhou,贵州,黔东南苗族侗族,108.36951458806216,26.599783922480416,0.0835288598047633,simultaneous_2025_nameplate_stress_city337_route
LC_156522700,2.0,2.0,3.9439570550000003,0.0,3.9439570550000003,52,Guizhou,贵州,黔南布依族苗族,107.24663403938054,26.204890997025966,0.087848396946401,simultaneous_2025_nameplate_stress_city337_route
LC_156530100,35.0,12.0,5.178002504,0.19123842600000002,5.178002504,53,Yunnan,云南,昆明,102.7783268170394,25.119690915369965,0.235745523276319,simultaneous_2025_nameplate_stress_city337_route
LC_156530300,12.0,7.0,9.550972205,0.27652361599999986,9.550972205,53,Yunnan,云南,曲靖,103.955879082453,25.642519087790863,0.0643368124672893,simultaneous_2025_nameplate_stress_city337_route
LC_156530400,17.0,9.0,4.629846793,0.42940202399999994,4.629846793,53,Yunnan,云南,玉溪,102.46650439350378,24.27191064634432,0.0693532102111608,simultaneous_2025_nameplate_stress_city337_route
LC_156530500,13.0,5.0,3.25273653,0.008451502999999999,3.25273653,53,Yunnan,云南,保山,98.95626818343804,25.0714540702838,0.1500435133829064,simultaneous_2025_nameplate_stress_city337_route
LC_156530600,9.0,4.0,3.350159925,1.5822862999999998,3.350159925,53,Yunnan,云南,昭通,104.0144389607211,27.613987588336894,0.0451409514910818,simultaneous_2025_nameplate_stress_city337_route
LC_156530700,7.0,4.0,3.266393097,1.3704568039999998,3.266393097,53,Yunnan,云南,丽江,100.52809458804614,26.86732232089814,0.038525587816285,simultaneous_2025_nameplate_stress_city337_route
LC_156530800,7.0,4.0,0.928,0.0410707639999999,0.928,53,Yunnan,云南,普洱,100.7321189029114,23.069813885316854,0.0319375573758525,simultaneous_2025_nameplate_stress_city337_route
LC_156530900,4.0,3.0,3.7832985440000004,0.099426595,3.7832985440000004,53,Yunnan,云南,临沧,99.80247780546853,23.96291756495357,0.0424261924100973,simultaneous_2025_nameplate_stress_city337_route
LC_156532300,16.0,7.0,11.956147660000001,1.8539901669999996,11.956147660000001,53,Yunnan,云南,楚雄彝族,101.52895487417334,25.238928862877938,0.0458452743890826,simultaneous_2025_nameplate_stress_city337_route
LC_156532500,13.0,3.0,6.302339219,0.924964171,6.302339219,53,Yunnan,云南,红河哈尼族彝族,103.21785398938528,23.573983089364813,0.0904116306009963,simultaneous_2025_nameplate_stress_city337_route
LC_156532600,9.0,7.0,4.2722441049999995,0.096699442,4.2722441049999995,53,Yunnan,云南,文山壮族苗族,104.4668067092402,23.58801824164432,0.0551500717521386,simultaneous_2025_nameplate_stress_city337_route
LC_156532800,4.0,2.0,1.9762289549999998,0.0995985979999999,1.9762289549999998,53,Yunnan,云南,西双版纳傣族,100.91524427892826,21.99707310849744,0.025924131487635,simultaneous_2025_nameplate_stress_city337_route
LC_156532900,6.0,4.0,7.971149168,1.1135566009999998,7.971149168,53,Yunnan,云南,大理白族,100.2600248296893,25.67059990531481,0.0605649162598285,simultaneous_2025_nameplate_stress_city337_route
LC_156533100,12.0,6.0,1.264,0.365633713,1.264,53,Yunnan,云南,德宏傣族景颇族,98.07984700094474,24.35168893772708,0.0272524813611186,simultaneous_2025_nameplate_stress_city337_route
LC_156533300,5.0,4.0,2.2723471560000004,1.61295018,2.2723471560000004,53,Yunnan,云南,怒江傈僳族,98.96172959706162,26.451221451298988,0.0122461525804107,simultaneous_2025_nameplate_stress_city337_route
LC_156533400,4.0,3.0,0.17,0.42783115799999977,0.17,53,Yunnan,云南,迪庆,99.55968827159327,27.796886601973377,0.0050959931377971,simultaneous_2025_nameplate_stress_city337_route
LC_156540100,10.0,6.0,2.655086959,0.6926958189999998,2.655086959,54,Tibet,西藏,拉萨,91.10880038011716,29.69719156328121,0.154586378500661,simultaneous_2025_nameplate_stress_city337_route
LC_156540200,4.0,3.0,1.316319222,0.7065981779999998,1.316319222,54,Tibet,西藏,日喀则,88.57168273271965,29.12621831662115,0.13935495483061,simultaneous_2025_nameplate_stress_city337_route
LC_156540300,8.0,3.0,0.5800000000000001,3.196565542,0.5800000000000001,54,Tibet,西藏,昌都,96.93314556354164,30.991907111958067,0.1574958212049829,simultaneous_2025_nameplate_stress_city337_route
LC_156540400,6.0,2.0,0.26,0.20706590499999988,0.26,54,Tibet,西藏,林芝,94.52384022944078,29.64875233802298,0.1409776817763985,simultaneous_2025_nameplate_stress_city337_route
LC_156540500,5.0,2.0,1.191629473,0.126830723,1.191629473,54,Tibet,西藏,山南,91.71261253343464,29.053982737356,0.1153695484673493,simultaneous_2025_nameplate_stress_city337_route
LC_156540600,0.0,0.0,0.0,0.0,0.0,54,Tibet,西藏,那曲,92.09035629731076,31.67182270450598,0.2503604907484443,simultaneous_2025_nameplate_stress_city337_route
LC_156542500,2.0,2.0,0.42950180699999996,2.8009329469999997,0.42950180699999996,54,Tibet,西藏,阿里,81.66137236886036,32.15778171977278,0.0418551244715536,simultaneous_2025_nameplate_stress_city337_route
LC_156610100,5.0,3.0,0.9500000000000001,0.005400945,0.9500000000000001,61,Shaanxi,陕西,西安,108.94862004110531,34.25173903483638,0.0830723338545614,simultaneous_2025_nameplate_stress_city337_route
LC_156610200,2.0,1.0,2.788388882,0.364022837,2.788388882,61,Shaanxi,陕西,铜川,108.97702971596814,35.09265373137324,0.0678174174660817,simultaneous_2025_nameplate_stress_city337_route
LC_156610300,4.0,3.0,1.707697801,0.19142118,1.707697801,61,Shaanxi,陕西,宝鸡,107.24217941477308,34.40837487157223,0.0904848758265949,simultaneous_2025_nameplate_stress_city337_route
LC_156610400,3.0,1.0,1.125,0.11744359,1.125,61,Shaanxi,陕西,咸阳,108.51857398056256,34.50841253922933,0.1256795525338253,simultaneous_2025_nameplate_stress_city337_route
LC_156610500,5.0,5.0,5.172064814,0.48788892700000003,5.172064814,61,Shaanxi,陕西,渭南,109.78940710190152,34.895061335060184,0.0903196026527989,simultaneous_2025_nameplate_stress_city337_route
LC_156610600,7.0,5.0,14.443938693000002,3.908346113,14.443938693000002,61,Shaanxi,陕西,延安,109.41963528537596,36.53755675546563,0.0633552743488936,simultaneous_2025_nameplate_stress_city337_route
LC_156610700,4.0,1.0,0.72,0.062164528999999906,0.72,61,Shaanxi,陕西,汉中,107.06695092067646,33.0992702975592,0.1899797437101157,simultaneous_2025_nameplate_stress_city337_route
LC_156610800,12.0,7.0,19.26298881,8.555459028,19.26298881,61,Shaanxi,陕西,榆林,109.7022191504253,38.182149473072734,0.1006989889738367,simultaneous_2025_nameplate_stress_city337_route
LC_156610900,1.0,1.0,0.319,0.234838418,0.319,61,Shaanxi,陕西,安康,108.93076778999044,32.744731193588784,0.0360534828151694,simultaneous_2025_nameplate_stress_city337_route
LC_156611000,3.0,2.0,0.6829999999999999,0.5381078269999999,0.6829999999999999,61,Shaanxi,陕西,商洛,109.97128862351036,33.705801091758644,0.1525387278181219,simultaneous_2025_nameplate_stress_city337_route
LC_156620100,22.0,7.0,1.616950336,0.695570163,1.616950336,62,Gansu,甘肃,兰州,103.76787878009824,36.095400803821526,0.1610106608732334,simultaneous_2025_nameplate_stress_city337_route
LC_156620200,24.0,7.0,7.458457911,4.330002365,7.458457911,62,Gansu,甘肃,嘉峪关,98.2096194910322,39.82902699964615,0.0515839263216177,simultaneous_2025_nameplate_stress_city337_route
LC_156620300,12.0,7.0,14.191946122,1.7580601989999998,14.191946122,62,Gansu,甘肃,金昌,102.10045681343956,38.53799572697217,0.0280972977407355,simultaneous_2025_nameplate_stress_city337_route
LC_156620400,11.0,6.0,6.34544948,0.11828459399999999,6.34544948,62,Gansu,甘肃,白银,104.52588100047946,36.58996497231034,0.2331379494348085,simultaneous_2025_nameplate_stress_city337_route
LC_156620500,5.0,4.0,1.233319855,0.3639494819999999,1.233319855,62,Gansu,甘肃,天水,105.69432892805976,34.591933016245335,0.0421228700689378,simultaneous_2025_nameplate_stress_city337_route
LC_156620600,10.0,8.0,5.926175077,1.2141929050000002,5.926175077,62,Gansu,甘肃,武威,102.87090079998312,37.89523856415129,0.0353269694585052,simultaneous_2025_nameplate_stress_city337_route
LC_156620700,12.0,7.0,6.424032802,1.950492966,6.424032802,62,Gansu,甘肃,张掖,100.4866163474231,38.94145442993211,0.0557227881042831,simultaneous_2025_nameplate_stress_city337_route
LC_156620800,4.0,4.0,2.2657474640000004,0.3408455459999999,2.2657474640000004,62,Gansu,甘肃,平凉,106.62049825692364,35.370812778956,0.0422096365465632,simultaneous_2025_nameplate_stress_city337_route
LC_156620900,53.0,17.0,22.801624885,7.584736923,22.801624885,62,Gansu,甘肃,酒泉,97.42984765520318,39.9924204135978,0.0357651238783233,simultaneous_2025_nameplate_stress_city337_route
LC_156621000,2.0,1.0,7.374866157,0.0786164249999996,7.374866157,62,Gansu,甘肃,庆阳,107.69877897628952,35.86326467025169,0.0311467964223684,simultaneous_2025_nameplate_stress_city337_route
LC_156621100,5.0,5.0,2.406267226,0.1687788819999998,2.406267226,62,Gansu,甘肃,定西,104.43394897410906,35.21788708709927,0.0424202816356931,simultaneous_2025_nameplate_stress_city337_route
LC_156621200,4.0,2.0,0.853851008,0.000596911,0.853851008,62,Gansu,甘肃,陇南,105.26917669462232,33.64155360685646,0.1586818885736552,simultaneous_2025_nameplate_stress_city337_route
LC_156622900,1.0,1.0,0.245,0.5394920139999999,0.245,62,Gansu,甘肃,临夏,103.2781175162732,35.58786393749311,0.0601049371920998,simultaneous_2025_nameplate_stress_city337_route
LC_156623000,2.0,2.0,0.36,0.13204781599999998,0.36,62,Gansu,甘肃,甘南,103.16168478557633,34.495914803785034,0.0226688737491752,simultaneous_2025_nameplate_stress_city337_route
LC_156630100,20.0,8.0,1.082393096,0.14351836899999998,1.082393096,63,Qinghai,青海,西宁,101.6856289523742,36.663873299749184,0.3938602765116492,simultaneous_2025_nameplate_stress_city337_route
LC_156630200,7.0,3.0,0.87,0.9263730200000001,0.87,63,Qinghai,青海,海东,102.3746804476092,36.3709437425723,0.3055553211669241,simultaneous_2025_nameplate_stress_city337_route
LC_156632200,3.0,2.0,1.690045449,0.015537205,1.690045449,63,Qinghai,青海,海北,100.85138932832665,37.55523486335054,0.0345559022780199,simultaneous_2025_nameplate_stress_city337_route
LC_156632300,1.0,1.0,0.790507575,0.2004335569999999,0.790507575,63,Qinghai,青海,黄南,101.8203013503398,35.323990684291815,0.0322557716085715,simultaneous_2025_nameplate_stress_city337_route
LC_156632500,20.0,11.0,25.397047035999996,12.558832256,25.397047035999996,63,Qinghai,青海,海南,100.4931646031097,35.975918047108564,0.0513313758669739,simultaneous_2025_nameplate_stress_city337_route
LC_156632600,3.0,1.0,0.345,0.057178067,0.345,63,Qinghai,青海,果洛,99.73284817598056,34.054162685749624,0.0212487459132434,simultaneous_2025_nameplate_stress_city337_route
LC_156632700,1.0,0.0,0.0,0.042964004,0.0,63,Qinghai,青海,玉树,95.63413884680858,33.32028261357349,0.0604728992238217,simultaneous_2025_nameplate_stress_city337_route
LC_156632800,36.0,11.0,27.350871669,9.715040024,27.350871669,63,Qinghai,青海,海西蒙古族,94.41413463262194,36.36452147289352,0.1007197074307958,simultaneous_2025_nameplate_stress_city337_route
LC_156640100,40.0,5.0,4.545999999999999,0.706239,4.545999999999999,64,Ningxia,宁夏,银川,106.28216810766922,38.44170098233463,0.2464824115753555,simultaneous_2025_nameplate_stress_city337_route
LC_156640200,23.0,4.0,1.63,0.3197538819999999,1.63,64,Ningxia,宁夏,石嘴山,106.4651609385884,39.05089277504717,0.117708739906734,simultaneous_2025_nameplate_stress_city337_route
LC_156640300,38.0,13.0,23.791221316,5.8813482530000005,23.791221316,64,Ningxia,宁夏,吴忠,106.28561644369572,37.60587637240463,0.0579455450147944,simultaneous_2025_nameplate_stress_city337_route
LC_156640400,5.0,3.0,2.733460417,0.20511372799999988,2.733460417,64,Ningxia,宁夏,固原,106.18780838905673,35.98634088545654,0.2004072067908806,simultaneous_2025_nameplate_stress_city337_route
LC_156640500,16.0,4.0,18.343491229999998,4.552453917,18.343491229999998,64,Ningxia,宁夏,中卫,105.44362049481128,37.12480440663108,0.3774560967122352,simultaneous_2025_nameplate_stress_city337_route
LC_156650100,75.0,21.0,19.282900672,4.367167458999999,19.282900672,65,Xinjiang,新疆,乌鲁木齐,87.57214172186931,43.894343963893554,0.085859918662474,simultaneous_2025_nameplate_stress_city337_route
LC_156650200,49.0,9.0,6.392,5.996640877,6.392,65,Xinjiang,新疆,克拉玛依,84.98754229532302,45.143166265193145,0.1660657762348505,simultaneous_2025_nameplate_stress_city337_route
LC_156650400,32.0,16.0,17.186032804,3.5299563019999995,17.186032804,65,Xinjiang,新疆,吐鲁番,89.42070937677877,42.48822410019514,0.1061330266614427,simultaneous_2025_nameplate_stress_city337_route
LC_156650500,64.0,27.0,36.692897006,6.662565991999999,36.692897006,65,Xinjiang,新疆,哈密,93.5552841951228,42.51474196808266,0.0274452073837976,simultaneous_2025_nameplate_stress_city337_route
LC_156652300,65.0,20.0,30.953754855,3.8218923679999994,30.953754855,65,Xinjiang,新疆,昌吉,89.78869388317054,44.3445017434002,0.0794330501636191,simultaneous_2025_nameplate_stress_city337_route
LC_156652700,8.0,5.0,4.10569034,1.6679222409999999,4.10569034,65,Xinjiang,新疆,博尔塔拉,82.0205620193954,44.75747825150092,0.0211929901352127,simultaneous_2025_nameplate_stress_city337_route
LC_156652800,32.0,13.0,12.246948625,8.77568948,12.246948625,65,Xinjiang,新疆,巴音郭楞,85.90416773274653,41.57938781075088,0.0641269975970772,simultaneous_2025_nameplate_stress_city337_route
LC_156652900,30.0,12.0,6.37,5.415502409,6.37,65,Xinjiang,新疆,阿克苏,81.70357142565436,40.9283238578648,0.0884514547062449,simultaneous_2025_nameplate_stress_city337_route
LC_156653000,12.0,6.0,4.79,1.688778861,4.79,65,Xinjiang,新疆,克孜勒苏柯尔克孜,76.26459945542751,39.70662904063905,0.0146139095583922,simultaneous_2025_nameplate_stress_city337_route
LC_156653100,18.0,10.0,7.3389999999999995,7.743515492,7.3389999999999995,65,Xinjiang,新疆,喀什,76.8679921037449,38.86051270397194,0.105588954296825,simultaneous_2025_nameplate_stress_city337_route
LC_156653200,19.0,10.0,7.561098312,3.6858935659999994,7.561098312,65,Xinjiang,新疆,和田,80.27294795455056,37.36208018342041,0.0491213848219842,simultaneous_2025_nameplate_stress_city337_route
LC_156654000,25.0,6.0,5.493244105,0.300608981,5.493244105,65,Xinjiang,新疆,伊犁,82.169835363214,43.90164711590437,0.1180162636485718,simultaneous_2025_nameplate_stress_city337_route
LC_156654200,11.0,8.0,7.7739376899999995,1.521052486,7.7739376899999995,65,Xinjiang,新疆,塔城,84.37645910745299,45.48529665418997,0.0487675715591604,simultaneous_2025_nameplate_stress_city337_route
LC_156654300,17.0,11.0,6.022793706,0.5729632719999999,6.022793706,65,Xinjiang,新疆,阿勒泰,88.01302807270604,47.4756611458433,0.0251834945703472,simultaneous_2025_nameplate_stress_city337_route
