case,start,end,steps,mean_minutes,median_minutes,min_minutes,max_minutes,work_per_step,telemetry_mean_minutes
base2030_t48,0,39,39,18.85769230769231,19.7,10.4,20.416666666666668,2587.2715886728242,18.85770652528502
base2030_t48,0,348,348,20.568726053639846,20.2,10.4,26.8,3180.732282392583,20.56869945095645
base2030_t48,10,39,29,19.327011494252872,19.75,17.6,20.416666666666668,2603.5913468525846,19.326967889139024
base2030_t48,10,348,338,20.659615384615385,20.333333333333332,16.866666666666667,26.8,3199.6905070210164,20.659582613111716
base2030_t48,20,39,19,19.398245614035087,19.733333333333334,18.283333333333335,20.416666666666668,2637.721370732185,19.39860398685723
base2030_t48,50,97,47,18.146808510638298,18.316666666666666,16.866666666666667,19.8,2082.0076801687505,18.14687447370367
base2030_t48,50,200,150,19.828,19.266666666666666,16.866666666666667,25.216666666666665,2827.5231099170383,19.828039855427214
base2030_t48,100,200,100,20.660500000000003,20.383333333333333,17.333333333333332,25.216666666666665,3196.539408800237,20.660568452835083
base2030_t48,200,300,100,22.386000000000003,22.366666666666667,19.116666666666667,26.8,3964.075385815812,22.3858992733558
base2030_t48,237,260,23,22.816666666666666,22.85,19.133333333333333,26.8,4155.217079790061,22.816673843411433
base2030_t48,260,277,17,21.938235294117646,21.916666666666668,19.116666666666667,24.966666666666665,3774.7523334286216,21.938539638238794
base2030_t48,277,290,13,21.01282051282051,20.316666666666666,19.283333333333335,24.716666666666665,3365.759044366226,21.01328535782985
base2030_t48,290,306,16,22.502083333333335,21.916666666666668,19.933333333333334,26.45,4013.5749199513375,22.501435714463394
base2030_t48,300,348,48,21.109375,20.858333333333334,17.716666666666665,24.6,3414.9248930837953,21.10925778084331
base2030_t48,307,317,10,20.206666666666667,20.358333333333334,18.883333333333333,22.666666666666668,3019.5839401725448,20.206699635187782
base2030_t48,317,327,10,21.028333333333332,20.741666666666667,18.866666666666667,23.1,3378.132679681899,21.02935462673505
base2040_t44,0,39,39,19.755128205128205,20.7,0.5166666666666667,21.666666666666668,2654.5598738300173,19.755125411555298
base2040_t44,0,348,348,21.601149425287357,20.8,0.5166666666666667,43.31666666666667,3203.8024081365124,21.601171254643535
base2040_t44,0,605,605,22.245068870523415,21.4,0.5166666666666667,43.31666666666667,3475.2662290491758,22.2450791461737
base2040_t44,10,39,29,20.436206896551724,20.8,19.4,21.666666666666668,2682.1059377000147,20.43649398965397
base2040_t44,10,348,338,21.714201183431953,20.816666666666666,17.933333333333334,43.31666666666667,3222.41560693916,21.714248613210824
base2040_t44,20,39,19,20.385964912280702,20.866666666666667,19.4,20.916666666666668,2660.5551142130125,20.38633229397891
base2040_t44,50,97,47,19.25886524822695,18.95,17.933333333333334,21.533333333333335,2162.429189635994,19.258944773420374
base2040_t44,50,200,150,20.042444444444445,19.991666666666667,17.933333333333334,21.683333333333334,2500.7402684263348,20.04247130899959
base2040_t44,100,200,100,20.379666666666665,20.666666666666668,18.683333333333334,21.683333333333334,2646.060442815209,20.379682403008143
base2040_t44,200,300,100,22.279166666666665,20.9,18.7,38.7,3473.2830904728603,22.279096445322036
base2040_t44,237,260,23,21.033333333333335,20.766666666666666,19.516666666666666,22.883333333333333,2955.36768643758,21.033036060782443
base2040_t44,260,277,17,21.87156862745098,21.283333333333335,19.583333333333332,27.583333333333332,3307.225153338616,21.871250507878322
base2040_t44,277,290,13,24.662820512820513,23.85,20.933333333333334,32.18333333333333,4483.4145213339225,24.663130819186186
base2040_t44,290,306,16,32.04270833333333,33.483333333333334,24.15,38.7,7617.837718507828,32.04315294375022
base2040_t44,300,348,48,26.879513888888887,26.041666666666668,19.883333333333333,43.31666666666667,5429.621803956092,26.879663600358697
base2040_t44,307,317,10,24.78166666666667,23.7,20.783333333333335,31.666666666666668,4536.558713297558,24.78104931155841
base2040_t44,317,327,10,29.154999999999998,27.541666666666668,21.2,43.31666666666667,6398.6996234372255,29.15506529490153
base2040_t44,348,605,257,23.11699092088197,22.616666666666667,19.633333333333333,33.1,3842.8514807130155,23.116985551825447
oldbase2030_t44,0,39,39,16.23205128205128,17.166666666666668,0.8333333333333334,18.05,,
oldbase2030_t44,0,40,40,16.262916666666666,17.166666666666668,0.8333333333333334,18.05,,
oldbase2030_t44,10,39,29,17.226436781609195,17.166666666666668,16.816666666666666,18.05,,
oldbase2030_t44,20,39,19,17.186842105263157,17.15,16.816666666666666,18.05,,
thermal2030_t44,0,39,39,16.405982905982906,17.116666666666667,0.3,17.9,,
thermal2030_t44,0,348,348,17.013122605363986,17.05,0.3,18.883333333333333,,
thermal2030_t44,0,568,568,17.101525821596244,17.05,0.3,33.4,,
thermal2030_t44,10,39,29,17.194827586206895,17.15,16.816666666666666,17.9,,
thermal2030_t44,10,348,338,17.09876725838264,17.05,16.766666666666666,18.883333333333333,,
thermal2030_t44,20,39,19,17.136842105263156,17.066666666666666,16.883333333333333,17.866666666666667,,
thermal2030_t44,50,97,47,17.155673758865248,17.1,16.766666666666666,18.883333333333333,,
thermal2030_t44,50,200,150,17.12088888888889,17.05,16.766666666666666,18.883333333333333,,
thermal2030_t44,100,200,100,17.105166666666666,17.05,16.766666666666666,18.166666666666668,,
thermal2030_t44,200,300,100,17.032500000000002,16.983333333333334,16.766666666666666,17.983333333333334,,
thermal2030_t44,237,260,23,17.019565217391303,17.033333333333335,16.8,17.416666666666668,,
thermal2030_t44,260,277,17,17.057843137254903,16.95,16.8,17.766666666666666,,
thermal2030_t44,277,290,13,17.106410256410257,17.05,16.766666666666666,17.983333333333334,,
thermal2030_t44,290,306,16,17.008333333333333,16.925,16.783333333333335,17.416666666666668,,
thermal2030_t44,300,348,48,17.060069444444444,17.05,16.783333333333335,17.533333333333335,,
thermal2030_t44,307,317,10,17.105,17.1,16.8,17.533333333333335,,
thermal2030_t44,317,327,10,17.108333333333334,17.108333333333334,16.9,17.433333333333334,,
