hours,hydrochn_row_id,original_with_cyclic_bound_m3,v1_bound_m3,v2_bound_m3,v2_differs_from_v1
24,HydroCHN_00835,0.0,0.0,0.0,False
24,HydroCHN_00923,3734.295898679654,3734.295898679654,3734.295898679654,False
24,HydroCHN_01048,309620.8190921066,309620.8190921066,309620.8190921066,False
168,HydroCHN_00835,24534.60665347646,24534.60665347646,24534.60665347646,False
168,HydroCHN_00923,21120.849752447273,21120.849752447273,21120.849752447273,False
168,HydroCHN_01048,1757578.7109392579,1757578.7109392579,1757578.7109392579,False
744,HydroCHN_00835,703761.3392300493,703761.3392300493,703761.3392300493,False
744,HydroCHN_00923,114418.62815033912,114418.62815033912,114418.62815033912,False
744,HydroCHN_01048,3005976.3381988076,3005976.3381988076,3005976.3381988076,False
2160,HydroCHN_00835,3582700.3836250375,3582700.3836250375,3582700.3836250375,False
2160,HydroCHN_00923,708063.9164760341,708063.9164760341,708063.9164760341,False
2160,HydroCHN_01048,25399679.22251381,25399679.22251381,25399679.22251381,False
8760,HydroCHN_00835,19712133.572031904,19712133.572031904,3840000.0,True
8760,HydroCHN_00923,16233828.410387225,4960000.0,4960000.0,False
8760,HydroCHN_01048,1637062804.6307726,1637062804.6307726,339900000.0,True
