hours,storage_table,clipped_reservoirs,summed_source_storage_m3,summed_effective_bound_m3,fraction_of_summed_source_storage_remaining,maximum_effective_bound_m3
24,original,513,585475120234.7661,3154334606.65324,0.005387649274299483,167757960.79095662
24,v1,513,580957186669.7661,3154334606.65324,0.005429547441757117,167757960.79095662
24,v2,513,572255139543.7661,3154334606.65324,0.005512112323129247,167757960.79095662
168,original,450,585475120234.7661,16429211492.991646,0.028061331600912086,1224292878.7151287
168,v1,450,580957186669.7661,16429211492.991646,0.02827955634247195,1224292878.7151287
168,v2,450,572255139543.7661,16429211492.991646,0.028709591854587685,1224292878.7151287
744,original,366,585475120234.7661,54861638510.93965,0.09370447456237084,4196268264.911409
744,v1,366,580957186669.7661,54861638510.93965,0.09443318676445721,4196268264.911409
744,v2,366,572255139543.7661,54861638510.93965,0.0958691931621242,4196268264.911409
2160,original,282,585475120234.7661,109433814829.56972,0.1869145435004796,10422040412.786226
2160,v1,282,580957186669.7661,109433814829.56972,0.18836812305719053,10422040412.786226
2160,v2,282,572255139543.7661,109433814829.56972,0.19123255916376128,10422040412.786226
8760,original,140,585475120234.7661,340189552416.70447,0.5810486913266167,18482416540.0
8760,v1,139,580957186669.7661,340178278588.29407,0.5855479308867932,18482416540.0
8760,v2,137,572255139543.7661,338865243650.0913,0.5921576238183788,18482416540.0
