group_id,station_rows_v2,station_count_v2,units_v2,matrix_min_v2,matrix_max_v2,bound_min_v2,bound_max_v2,rhs_min_v2,rhs_max_v2,status_v2,solutions_v2,runtime_v2,barrier_iterations_v2,pass_v2,elapsed_seconds_v2,objective_v2,raw_row_violation_v2,bound_violation_v2,dual_violation_v2,water_residual_m3_v2,storage_violation_m3_v2,generation_gwh_v2,kappa_v2,station_rows_v3,station_count_v3,units_v3,matrix_min_v3,matrix_max_v3,bound_min_v3,bound_max_v3,rhs_min_v3,rhs_max_v3,status_v3,solutions_v3,runtime_v3,barrier_iterations_v3,objective_v3,raw_row_violation_v3,bound_violation_v3,dual_violation_v3,water_residual_m3_v3,storage_violation_m3_v3,generation_gwh_v3,pass_v3,kappa_v3,elapsed_seconds_v3,objective_relative_difference,time_ratio
0,"[1, 2, 3, 4, 5, 8, 13, 15, 16, 18, 19, 25, 30, 40, 42, 47, 58, 64, 66, 72, 80, 87, 93, 97, 98, 99, 103, 107, 113, 119, 134, 136, 139, 144, 160, 184, 196, 208, 216, 243, 246, 297, 300, 306, 308, 309, 313, 330, 353, 386, 389, 392, 393, 395, 397, 400, 428, 466, 469, 474, 486, 493, 495, 513, 516]",65,water_scaled,8.26849616645833e-05,3.6,0.0352717872232575,18482.41654,3.6007690429687505e-05,18.792225000000002,9,0,60.611000061035156,48,False,65.72851600000286,,,,,,,,,"[1, 2, 3, 4, 5, 8, 13, 15, 16, 18, 19, 25, 30, 40, 42, 47, 58, 64, 66, 72, 80, 87, 93, 97, 98, 99, 103, 107, 113, 119, 134, 136, 139, 144, 160, 184, 196, 208, 216, 243, 246, 297, 300, 306, 308, 309, 313, 330, 353, 386, 389, 392, 393, 395, 397, 400, 428, 466, 469, 474, 486, 493, 495, 513, 516]",65,water_scaled,8.26849616645833e-05,3.6,0.0352717872232575,18482.41654,3.6007690429687505e-05,18.792225000000002,2,1,195.57500004768372,134,308951.64245149825,0.0,4.3832715235225805e-12,8.979144445753207e-07,3.847526464095807e-06,4.3832715235225805e-06,184239.24288000315,True,162577.2783194394,198.88582830000087,,3.226724519488873
1,"[6, 36, 45, 56, 62, 74, 105, 111, 114, 123, 135, 197, 211, 214, 315, 322, 399, 617]",18,water_scaled,0.00012253458576502534,3.6,0.1410871491678078,13568.427501962671,3.661665916442871e-05,36.41677734375,2,1,24.437000036239624,87,True,25.227069899992784,53078.23005776097,0.0,4.601208303256499e-12,6.256958329231566e-07,4.511946372076636e-07,4.601208303256499e-06,29888.82242963444,137489.4924608347,"[6, 36, 45, 56, 62, 74, 105, 111, 114, 123, 135, 197, 211, 214, 315, 322, 399, 617]",18,water_scaled,0.00012253458576502534,3.6,0.1410871491678078,13568.427501962671,3.661665916442871e-05,36.41677734375,2,1,52.4449999332428,87,53078.23005776097,0.0,4.601208303256499e-12,6.256958329231566e-07,4.511946372076636e-07,4.601208303256499e-06,29888.82242963444,True,137489.4924608347,53.79120830001193,0.0,2.146130861213235
2,"[11, 34, 37, 44, 57, 68, 125, 130, 142, 157, 163, 177, 192, 193, 212, 241, 260, 335, 601, 602, 616]",21,water_scaled,0.00026756876745163976,3.6,0.006873560389986841,11616.17528,3.6035196483135226e-05,9.799709765625,2,1,21.019999980926514,75,True,21.988775200006785,32221.812010732127,0.0,1.3875345317160281e-11,9.888728680351733e-07,8.250899963258007e-07,1.3875345317160281e-05,18850.406970035805,440530.56064645364,"[11, 34, 37, 44, 57, 68, 125, 130, 142, 157, 163, 177, 192, 193, 212, 241, 260, 335, 601, 602, 616]",21,water_scaled,0.00026756876745163976,3.6,0.006873560389986841,11616.17528,3.6035196483135226e-05,9.799709765625,2,1,48.931999921798706,75,32221.812010732127,0.0,1.3875345317160281e-11,9.888728680351733e-07,8.250899963258007e-07,1.3875345317160281e-05,18850.406970035805,True,440530.56064645364,50.71206130000064,0.0,2.327878209619384
3,"[35, 169, 500]",3,water_scaled,0.015290953977208137,3.6,0.5996282304970919,1637.9207302796535,3.659219741821289e-05,3.0367640258789064,2,1,2.384000062942505,80,True,2.50072569999611,1926.532258792196,0.0,0.0,0.0,1.4915846335838978e-07,0.0,1069.223883288448,191208.0,"[35, 169, 500]",3,water_scaled,0.015290953977208137,3.6,0.5996282304970919,1637.9207302796535,3.659219741821289e-05,3.0367640258789064,2,1,4.493000030517578,80,1926.532258792196,0.0,0.0,0.0,1.4915846335838978e-07,0.0,1069.223883288448,True,191208.0,4.71278249999159,0.0,1.8846476140491344
4,"[43, 88, 120, 164, 166, 203, 215, 258, 276]",9,water_scaled,0.0005780278660843152,3.6,0.48025144318989055,1975.220088,3.6035156249999995e-05,12.07598818359375,2,1,7.473999977111816,73,True,7.86507330002496,10044.282850396694,0.0,0.0,8.112251375091972e-07,2.0738966099997924e-07,0.0,5922.536135739559,313948.4913948075,"[43, 88, 120, 164, 166, 203, 215, 258, 276]",9,water_scaled,0.0005780278660843152,3.6,0.48025144318989055,1975.220088,3.6035156249999995e-05,12.07598818359375,2,1,16.87000012397766,73,10044.282850396694,0.0,0.0,8.112251375091972e-07,2.0738966099997924e-07,0.0,5922.536135739559,True,313948.4913948075,17.585461499984376,0.0,2.257158171747379
5,"[46, 54, 55, 83, 508]",5,water_scaled,0.0010873690907049723,3.6,1.1173196841560717,1420.8007859999998,4.8999023437500004e-05,8.22543046875,2,1,2.7260000705718994,62,True,2.942690299998503,17775.189933769725,0.0,0.0,2.1997782484461936e-07,2.2115642650533118e-07,0.0,9942.54245410454,69196.40000000001,"[46, 54, 55, 83, 508]",5,water_scaled,0.0010873690907049723,3.6,1.1173196841560717,1420.8007859999998,4.8999023437500004e-05,8.22543046875,2,1,6.117000102996826,62,17775.189933769725,0.0,0.0,2.1997782484461936e-07,2.2115642650533118e-07,0.0,9942.54245410454,True,69196.40000000001,6.532119100011187,0.0,2.2439471550393297
6,"[73, 86, 162, 225, 231, 290]",6,water_scaled,0.0013112527266980823,3.6,0.15642475578185006,5970.326577325308,4.273681640625e-05,5.142179992675781,2,1,3.574000120162964,59,True,3.8564713999803644,8743.726860250827,0.0,0.0,4.440892098500626e-16,2.1538326677728037e-07,0.0,5435.418371723357,1007362.8,"[73, 86, 162, 225, 231, 290]",6,water_scaled,0.0013112527266980823,3.6,0.15642475578185006,5970.326577325308,4.273681640625e-05,5.142179992675781,2,1,7.769000053405762,59,8743.726860250827,0.0,0.0,4.440892098500626e-16,2.1538326677728037e-07,0.0,5435.418371723357,True,1007362.8,8.308769499999471,0.0,2.173754838332663
7,"[128, 264, 358, 359, 374, 424, 434]",7,water_scaled,0.006022836588732277,3.6,0.02380192472324602,4573.616290168759,3.616368770599365e-05,7.689113305664063,2,1,5.107000112533569,74,True,5.422936699993443,4321.28474521817,0.0,0.0,2.8002957269679385e-07,1.5423773369604987e-07,0.0,2646.86977939171,78075.72411234045,"[128, 264, 358, 359, 374, 424, 434]",7,water_scaled,0.006022836588732277,3.6,0.02380192472324602,4573.616290168759,3.616368770599365e-05,7.689113305664063,2,1,11.64300012588501,74,4321.28474521817,0.0,0.0,2.8002957269679385e-07,1.5423773369604987e-07,0.0,2646.86977939171,True,78075.72411234045,12.217323499993654,0.0,2.2798119971273993
8,"[132, 247]",2,water_scaled,0.007248271298052302,3.6,0.7110216171902275,323.0895716,8.13812255859375e-05,2.188587084960938,2,1,1.571000099182129,60,True,1.666287400003057,895.8989472882527,0.0,0.0,0.0,4.9932280532516415e-08,0.0,518.8337571365494,6671.2,"[132, 247]",2,water_scaled,0.007248271298052302,3.6,0.7110216171902275,323.0895716,8.13812255859375e-05,2.188587084960938,2,1,2.822999954223633,60,895.8989472882527,0.0,0.0,0.0,4.9932280532516415e-08,0.0,518.8337571365494,True,6671.2,2.9887739999976475,0.0,1.796944478675273
9,"[152, 347]",2,water_scaled,0.1666804638485633,3.6,0.16552884209719582,731.0725131615584,3.947341335806877e-05,3.1541571809027604,2,1,1.2339999675750732,55,True,1.314785499998834,819.3937424741507,0.0,3.3306690738754696e-16,0.0,6.725175971666886e-08,0.0,446.24918250797316,80706.40000000001,"[152, 347]",2,water_scaled,0.1666804638485633,3.6,0.16552884209719582,731.0725131615584,3.947341335806877e-05,3.1541571809027604,2,1,2.307000160217285,55,819.3937424741507,0.0,3.3306690738754696e-16,0.0,6.725175971666886e-08,0.0,446.24918250797316,True,80706.40000000001,2.4682234000065364,0.0,1.8695301627525638
10,"[0, 7, 9, 10, 12, 14, 17, 20, 21, 22, 23, 24, 26, 27, 28, 29]",16,water_scaled,1.0,3.6,1.7517229205533018,11871.054222375154,3.614330291748047e-05,16.860766992187504,2,1,11.592000007629395,64,True,12.304940300004091,24086.587540046163,0.0,0.0,0.0,5.950795411990839e-07,0.0,13563.35808903912,13617.111111111111,"[0, 7, 9, 10, 12, 14, 17, 20, 21, 22, 23, 24, 26, 27, 28, 29]",16,water_scaled,1.0,3.6,1.0039806365966798e-05,11871.054222375154,3.614330291748047e-05,16.860766992187504,2,1,4.115000009536743,68,24086.587540046163,0.0,0.0,0.0,5.950795411990839e-07,0.0,13563.35808903912,True,17519.11111111111,5.5550790000124834,0.0,0.3549861979665643
11,"[31, 32, 33, 38, 39, 41, 48, 49, 50, 51, 52, 53, 59, 60, 61, 63]",16,water_scaled,1.0,3.6,1.3966496051950894,2934.284506203681,3.691213130950928e-05,27.137536523437504,2,1,11.186000108718872,72,True,11.924215200007893,15367.761452853658,0.0,0.0,6.865317339066479e-07,1.865174681370263e-07,0.0,8583.626742263179,15965.111111111111,"[31, 32, 33, 38, 39, 41, 48, 49, 50, 51, 52, 53, 59, 60, 61, 63]",16,water_scaled,1.0,3.6,1.0253369808197023e-05,2934.284506203681,3.691213130950928e-05,27.137536523437504,2,1,5.508000135421753,70,15367.76145325801,0.0,0.0,0.0,1.865174681370263e-07,0.0,8583.626742263179,True,17519.11111111111,6.688101100007771,2.6311720851584504e-11,0.4924012231260904
12,"[65, 67, 69, 70, 71, 75, 76, 77, 78, 79, 81, 82, 84, 85, 89, 90]",16,water_scaled,1.0,3.6,0.22736156363640994,2606.349935,3.634643554687501e-05,14.443017187499999,2,1,8.769999980926514,57,True,9.462080800003605,2286.2373992633115,0.0,0.0,4.70138992403335e-07,1.8189963424397604e-07,0.0,1306.9643622344777,14563.111111111111,"[65, 67, 69, 70, 71, 75, 76, 77, 78, 79, 81, 82, 84, 85, 89, 90]",16,water_scaled,1.0,3.6,1.009623209635417e-05,2606.349935,3.634643554687501e-05,14.443017187499999,2,1,2.0860002040863037,64,2286.2373992633115,0.0,0.0,4.70138992403335e-07,1.8189963424397604e-07,0.0,1306.9643622344777,True,17519.11111111111,3.0744326999993064,0.0,0.23785635218050782
13,"[91, 92, 94, 95, 96, 100, 101, 102, 104, 106, 108, 109, 110, 112, 115, 116]",16,water_scaled,1.0,3.6,0.03636865689140815,4283.381006272595,3.6419677734375e-05,50.582703515625,2,1,12.092999935150146,64,True,12.789172300021164,20588.703283740168,0.0,0.0,0.0,4.2810199829546036e-07,0.0,11596.6210454098,17519.11111111111,"[91, 92, 94, 95, 96, 100, 101, 102, 104, 106, 108, 109, 110, 112, 115, 116]",16,water_scaled,1.0,3.6,1.0116577148437502e-05,4283.381006272595,3.6419677734375e-05,50.582703515625,2,1,11.582000017166138,61,20588.703283740168,0.0,0.0,0.0,4.2810199829546036e-07,0.0,11596.6210454098,True,17519.11111111111,12.520806500018807,0.0,0.9577441560634835
14,"[117, 118, 121, 122, 124, 126, 127, 129, 131, 133, 137, 138, 140, 141, 143, 145]",16,water_scaled,1.0,3.6,0.048184411379230595,1786.1086888087018,3.699501156806946e-05,16.117034765625,2,1,11.266000032424927,58,True,11.982539800024824,10052.609798970128,0.0,0.0,9.6284240580502e-07,1.9571844145360728e-07,0.0,5693.698132410666,17081.11111111111,"[117, 118, 121, 122, 124, 126, 127, 129, 131, 133, 137, 138, 140, 141, 143, 145]",16,water_scaled,1.0,3.6,1.0276392102241517e-05,1786.1086888087018,3.699501156806946e-05,16.117034765625,2,1,13.016999959945679,61,10052.609799105545,0.0,0.0,9.6284240580502e-07,1.9571844145360728e-07,0.0,5693.698132410666,True,17081.11111111111,13.949030299991136,1.347077901603701e-11,1.1554233909534137
15,"[146, 147, 148, 149, 150, 151, 153, 154, 155, 156, 158, 159, 161, 165, 167, 168]",16,water_scaled,1.0,3.6,0.09060489526923526,3047.2551418815574,3.637847900390625e-05,15.131964111328125,2,1,12.480999946594238,66,True,13.251730999996653,7368.316646957045,0.0,0.0,0.0,1.1968204205459188e-07,0.0,4082.6951969870497,31270.6,"[146, 147, 148, 149, 150, 151, 153, 154, 155, 156, 158, 159, 161, 165, 167, 168]",16,water_scaled,1.0,3.6,1.0105133056640627e-05,3047.2551418815574,3.637847900390625e-05,15.131964111328125,2,1,14.083000183105469,69,7368.316646883351,0.0,0.0,7.877261325450746e-07,1.1968204205459188e-07,0.0,4082.6951969870497,True,31270.6,15.114874499995494,1.0001543123922487e-11,1.1283551192505514
16,"[170, 171, 172, 173, 174, 175, 176, 178, 179, 180, 181, 182, 183, 185, 186, 187]",16,water_scaled,1.0,3.6,0.023985129219883675,3753.129725247895,3.6007690429687505e-05,19.802559375,2,1,16.475000143051147,75,True,17.18835839998792,8709.547579053262,0.0,0.0,9.7919749491443e-07,2.9687363678476686e-07,0.0,5147.563681800756,28412.2,"[170, 171, 172, 173, 174, 175, 176, 178, 179, 180, 181, 182, 183, 185, 186, 187]",16,water_scaled,1.0,3.6,1.0002136230468751e-05,3753.129725247895,3.6007690429687505e-05,19.802559375,2,1,14.502000093460083,69,8709.547578818869,0.0,1.2370549029583344e-11,9.7919749491443e-07,2.9687363678476686e-07,1.2370549029583344e-05,5147.563681800756,True,28412.2,15.474200399999972,2.6912207944674243e-11,0.8802427901390192
17,"[188, 189, 190, 191, 194, 195, 198, 199, 200, 201, 202, 204, 205, 206, 207, 209]",16,water_scaled,1.0,3.6,0.17250000000117252,572.343535,3.6054859990658965e-05,14.828432519531251,2,1,15.037000179290771,74,True,15.815402300009737,6254.907122255273,0.0,0.0,8.979203610370856e-07,6.184636136552513e-08,0.0,3484.5537495285403,17227.11111111111,"[188, 189, 190, 191, 194, 195, 198, 199, 200, 201, 202, 204, 205, 206, 207, 209]",16,water_scaled,1.0,3.6,1.0015238886294159e-05,572.343535,3.6054859990658965e-05,14.828432519531251,2,1,15.050000190734863,71,6254.907121822784,0.0,5.220490706392411e-12,8.979203610370856e-07,6.184636136552513e-08,5.220490706392411e-06,3484.5537495285403,True,17227.11111111111,15.982580099982442,6.914399823958324e-11,1.0008645348998528
18,"[210, 213, 217, 218, 219, 220, 221, 222, 223, 224, 226, 227, 228, 229, 230, 232]",16,water_scaled,1.0,3.6,0.03167515230799017,478.2882116,3.630985059236225e-05,3.01052358921596,2,1,10.662000179290771,64,True,11.38985030000913,3766.957553710795,0.0,0.0,7.575139928175934e-07,4.629630012686903e-08,0.0,2224.6918221910955,31522.6,"[210, 213, 217, 218, 219, 220, 221, 222, 223, 224, 226, 227, 228, 229, 230, 232]",16,water_scaled,1.0,3.6,1.0086069608989516e-05,478.2882116,3.630985059236225e-05,3.01052358921596,2,1,12.355999946594238,65,3766.957553710795,0.0,4.178435375479239e-12,7.575139928175934e-07,4.629630012686903e-08,4.178435375479239e-06,2224.6918221910955,True,31522.6,13.264084599999478,0.0,1.1588819863831732
19,"[233, 234, 235, 236, 237, 238, 239, 240, 242, 244, 245, 248, 249, 250, 251, 252]",16,water_scaled,1.0,3.6,0.00868239971760495,917.066469,3.602989912033081e-05,6.558307086181641,2,1,12.261000156402588,70,True,12.987508100020932,5180.165659720903,0.0,0.0,7.285032107284817e-07,9.969802761133906e-08,0.0,2973.3985683559285,16615.11111111111,"[233, 234, 235, 236, 237, 238, 239, 240, 242, 244, 245, 248, 249, 250, 251, 252]",16,water_scaled,1.0,3.6,1.0008305311203004e-05,917.066469,3.602989912033081e-05,6.558307086181641,2,1,11.608999967575073,63,5180.165659720903,0.0,0.0,7.285032107284817e-07,9.969802761133906e-08,0.0,2973.3985683559285,True,16615.11111111111,12.49951150000561,0.0,0.9468232460231194
20,"[253, 254, 255, 256, 257, 259, 261, 262, 263, 265, 266, 267, 268, 269, 270, 271]",16,water_scaled,1.0,3.6,0.05154733078841818,893.551945,3.6011981964111334e-05,13.598062207031251,2,1,13.764999866485596,70,True,14.484471700008726,5915.949093909974,0.0,0.0,7.861473280690312e-07,1.056932319443149e-07,0.0,3424.9462075953934,28423.0,"[253, 254, 255, 256, 257, 259, 261, 262, 263, 265, 266, 267, 268, 269, 270, 271]",16,water_scaled,1.0,3.6,1.000332832336426e-05,893.551945,3.6011981964111334e-05,13.598062207031251,2,1,12.65499997138977,62,5915.94909385151,0.0,6.488587445119265e-12,5.880426188278887e-07,1.056932319443149e-07,6.488587445119265e-06,3424.9462075953934,True,28423.0,13.559791300009238,9.882461375394832e-12,0.9193607042599105
21,"[272, 273, 274, 275, 277, 278, 279, 280, 281, 282, 283, 284, 285, 286, 287, 288]",16,water_scaled,1.0,3.6,0.03503445841106604,212.1010142,3.6024963855743414e-05,10.844454199218749,2,1,14.0,76,True,14.780690899991896,2863.6557100242753,0.0,0.0,1.924020409660443e-08,2.4241025853299902e-08,0.0,1719.1969075879078,31479.399999999998,"[272, 273, 274, 275, 277, 278, 279, 280, 281, 282, 283, 284, 285, 286, 287, 288]",16,water_scaled,1.0,3.6,1.0006934404373172e-05,212.1010142,3.6024963855743414e-05,10.844454199218749,2,1,13.00600004196167,68,2863.655710024275,0.0,5.2517989956868405e-12,1.924020409660443e-08,2.4241025853299902e-08,5.2517989956868405e-06,1719.1969075879078,True,31479.399999999998,13.989470600005006,1.587995893831138e-16,0.9290000029972622
22,"[289, 291, 292, 293, 294, 295, 296, 298, 299, 301, 302, 303, 304, 305, 307, 310]",16,water_scaled,1.0,3.6,0.02398512921988367,158.017607,3.605169785650153e-05,15.26066982421875,2,1,11.995000123977661,67,True,12.73501150001539,2757.0906210605667,0.0,0.0,5.204445294448856e-07,2.2426505097428162e-08,0.0,1610.3651558429758,28351.0,"[289, 291, 292, 293, 294, 295, 296, 298, 299, 301, 302, 303, 304, 305, 307, 310]",16,water_scaled,1.0,3.6,1.001436051569487e-05,158.017607,3.605169785650153e-05,15.26066982421875,2,1,12.769999980926514,66,2757.0906210605667,0.0,0.0,5.204445294448856e-07,2.2426505097428162e-08,0.0,1610.3651558429758,True,28351.0,13.664225999993505,0.0,1.0646102416789183
23,"[311, 312, 314, 316, 317, 318, 319, 320, 321, 323, 324, 325, 326, 327, 328, 329]",16,water_scaled,1.0,3.6,0.0352717872232575,409.1527325,3.676471710205078e-05,4.234078344726563,2,1,13.908999919891357,75,True,14.660984200017992,3558.638687068976,0.0,0.0,2.526283379156169e-07,5.4289905904170155e-08,0.0,2114.35315427309,25532.2,"[311, 312, 314, 316, 317, 318, 319, 320, 321, 323, 324, 325, 326, 327, 328, 329]",16,water_scaled,1.0,3.6,1.021242141723633e-05,409.1527325,3.676471710205078e-05,4.234078344726563,2,1,12.421000003814697,67,3558.638686787983,0.0,4.186317958954078e-12,7.436516706593732e-07,5.4289905904170155e-08,4.186317958954078e-06,2114.35315427309,True,25532.2,13.380323199991835,7.896092158910414e-11,0.8930189140379057
24,"[331, 332, 333, 334, 336, 337, 338, 339, 340, 341, 342, 343, 344, 345, 346, 348]",16,water_scaled,1.0,3.6,0.04216938111215326,486.8594837338549,3.60001802444458e-05,10.714905615234375,2,1,15.51200008392334,70,True,16.220991200010758,2880.8735107922193,0.0,4.250920603175877e-13,7.014456276654979e-07,3.608224830031759e-08,0.0,1677.6313463363706,29557.0,"[331, 332, 333, 334, 336, 337, 338, 339, 340, 341, 342, 343, 344, 345, 346, 348]",16,water_scaled,1.0,3.6,1.0000050067901613e-05,486.8594837338549,3.60001802444458e-05,10.714905615234375,2,1,14.111000061035156,74,2880.8735107922193,0.0,4.491518268423533e-12,7.014456276654979e-07,3.608224830031759e-08,4.491518268423533e-06,1677.6313463363706,True,30302.2,15.111111500009429,0.0,0.9096828252121928
25,"[349, 350, 351, 352, 354, 355, 356, 357, 360, 361, 362, 363, 364, 365, 366, 367]",16,water_scaled,1.0,3.6,0.010356052594939111,386.67284680000006,3.60399842262268e-05,14.983029931640626,2,1,11.406999826431274,67,True,12.120490500004962,3235.5768427404864,0.0,0.0,6.977639006033876e-07,4.042599588416351e-08,0.0,1834.6503049173857,16851.11111111111,"[349, 350, 351, 352, 354, 355, 356, 357, 360, 361, 362, 363, 364, 365, 366, 367]",16,water_scaled,1.0,3.6,1.0011106729507447e-05,386.67284680000006,3.60399842262268e-05,14.983029931640626,2,1,10.848999977111816,57,3235.5768426419054,0.0,0.0,9.006883257833831e-07,4.042599588416351e-08,0.0,1834.6503049173857,True,16851.11111111111,11.79010610000114,3.0467840824442534e-11,0.9510826810020185
26,"[368, 369, 370, 371, 372, 373, 375, 376, 377, 378, 379, 380, 381, 382, 383, 384]",16,water_scaled,1.0,3.6,0.05777777777883553,300.3929662568236,3.612581826746464e-05,11.77009365234375,2,1,11.092000007629395,71,True,11.77937999999267,2525.369093587089,0.0,0.0,9.31027840322951e-07,2.4369395390522186e-08,0.0,1494.6772075917715,27227.8,"[368, 369, 370, 371, 372, 373, 375, 376, 377, 378, 379, 380, 381, 382, 383, 384]",16,water_scaled,1.0,3.6,1.0034949518740179e-05,300.3929662568236,3.612581826746464e-05,11.77009365234375,2,1,14.332000017166138,60,2525.369093587089,0.0,0.0,9.31027840322951e-07,2.4369395390522186e-08,0.0,1494.6772075917715,True,27227.8,15.289842199999839,0.0,1.2921024168146573
27,"[385, 387, 388, 390, 391, 394, 396, 398, 401, 402, 403, 404, 405, 406, 407, 408]",16,water_scaled,1.0,3.6,0.05393957095925863,409.1527325,3.617720603942871e-05,11.570824511718751,2,1,13.009999990463257,70,True,13.758950699993875,2477.7665705039008,0.0,0.0,8.140843359705219e-07,3.665210496217597e-08,0.0,1451.885690871648,17037.11111111111,"[385, 387, 388, 390, 391, 394, 396, 398, 401, 402, 403, 404, 405, 406, 407, 408]",16,water_scaled,1.0,3.6,1.0049223899841311e-05,409.1527325,3.617720603942871e-05,11.570824511718751,2,1,25.537999868392944,66,2477.7665705039008,0.0,0.0,8.140843359705219e-07,3.665210496217597e-08,0.0,1451.885690871648,True,17037.11111111111,27.150688099995023,0.0,1.9629515670340592
28,"[409, 410, 411, 412, 413, 414, 415, 416, 417, 418, 419, 420, 421, 422, 423, 425]",16,water_scaled,1.0,3.6,0.03476105684041112,5831.004983000001,3.6065089702606204e-05,11.867864447021484,2,1,18.668999910354614,73,True,19.357582900003763,3438.9463437427908,0.0,0.0,0.0,1.0025313912365164e-07,0.0,1966.7383837114016,30100.6,"[409, 410, 411, 412, 413, 414, 415, 416, 417, 418, 419, 420, 421, 422, 423, 425]",16,water_scaled,1.0,3.6,1.0018080472946169e-05,5831.004983000001,3.6065089702606204e-05,11.867864447021484,2,1,27.045999765396118,62,3438.9463437427908,0.0,0.0,0.0,1.0025313912365164e-07,0.0,1966.7383837114016,True,30100.6,28.59421400001156,0.0,1.4487117625618107
29,"[426, 427, 429, 430, 431, 432, 433, 435, 436, 437, 438, 439, 440, 441, 442, 443]",16,water_scaled,1.0,3.6,0.019764890834353094,3312.502176307177,3.600612804293633e-05,6.809188952636719,2,1,15.20900011062622,76,True,15.88858570001321,1930.2524233556114,0.0,0.0,0.0,1.66644475996236e-07,0.0,1094.8519594976963,17519.11111111111,"[426, 427, 429, 430, 431, 432, 433, 435, 436, 437, 438, 439, 440, 441, 442, 443]",16,water_scaled,1.0,3.6,1.000170223414898e-05,3312.502176307177,3.600612804293633e-05,6.809188952636719,2,1,28.13099980354309,70,1930.2524233556114,0.0,0.0,0.0,1.66644475996236e-07,0.0,1094.8519594976963,True,31533.399999999998,29.854412600019714,0.0,1.8496284830643488
30,"[444, 445, 446, 447, 448, 449, 450, 451, 452, 453, 454, 455, 456, 457, 458, 459]",16,water_scaled,1.0,3.6,0.06007345827815864,4086.856427999999,3.633438348770142e-05,11.99623447265625,2,1,18.174000024795532,73,True,18.850273899995955,1923.3125666929668,0.0,0.0,0.0,2.451927549884658e-07,0.0,1084.5504239121742,31533.399999999998,"[444, 445, 446, 447, 448, 449, 450, 451, 452, 453, 454, 455, 456, 457, 458, 459]",16,water_scaled,1.0,3.6,1.0092884302139284e-05,4086.856427999999,3.633438348770142e-05,11.99623447265625,2,1,22.555999994277954,54,1923.3125666929668,0.0,0.0,0.0,2.451927549884658e-07,0.0,1084.5504239121742,True,31533.399999999998,24.066319199977443,0.0,1.2411136768737692
31,"[460, 461, 462, 463, 464, 465, 467, 468, 470, 471, 472, 473, 475, 476, 477, 478]",16,water_scaled,1.0,3.6,0.018099670001018097,3215.387281760571,3.630208969116211e-05,5.22307880859375,2,1,17.22099995613098,71,True,17.942312699975446,2605.3016590062716,0.0,0.0,0.0,6.256106743762757e-08,0.0,1513.7217211133698,30910.6,"[460, 461, 462, 463, 464, 465, 467, 468, 470, 471, 472, 473, 475, 476, 477, 478]",16,water_scaled,1.0,3.6,1.0083913803100588e-05,3215.387281760571,3.630208969116211e-05,5.22307880859375,2,1,23.417999982833862,65,2605.3016590062725,0.0,3.82684162136826e-12,0.0,6.256106743762757e-08,3.82684162136826e-06,1513.7217211133698,True,30910.6,24.82587080000667,3.490938174582949e-16,1.3598513467562399
32,"[479, 480, 481, 482, 483, 484, 485, 487, 488, 489, 490, 491, 492, 494, 496, 497]",16,water_scaled,1.0,3.6,0.040371009578022025,2841.036035,3.6338046588934963e-05,26.5527580078125,2,1,16.40499997138977,67,True,17.106211700011045,5045.108861097979,0.0,0.0,0.0,2.793321129956894e-07,0.0,2835.7745304804794,17473.11111111111,"[479, 480, 481, 482, 483, 484, 485, 487, 488, 489, 490, 491, 492, 494, 496, 497]",16,water_scaled,1.0,3.6,1.0093901830259712e-05,2841.036035,3.6338046588934963e-05,26.5527580078125,2,1,33.53500008583069,75,5045.108861097979,0.0,3.5237245220463994e-13,0.0,2.793321129956894e-07,0.0,2835.7745304804794,True,17473.11111111111,34.893356199987466,0.0,2.044193852137491
33,"[498, 499, 501, 502, 503, 504, 505, 506, 507, 509, 510, 511, 512, 514, 515, 517]",16,water_scaled,1.0,3.6,0.016234468334349543,1346.051563,3.6035651892003875e-05,4.945922424316406,2,1,15.59500002861023,79,True,16.278655200003413,1510.8268942160712,0.0,3.7500404016633914e-12,4.848272209256876e-07,1.56097357262297e-07,0.0,811.495819378894,31533.399999999998,"[498, 499, 501, 502, 503, 504, 505, 506, 507, 509, 510, 511, 512, 514, 515, 517]",16,water_scaled,1.0,3.6,1.0009903303334411e-05,1346.051563,3.6035651892003875e-05,4.945922424316406,2,1,24.83799982070923,76,1510.8268942160712,0.0,0.0,4.848272209256876e-07,1.56097357262297e-07,0.0,811.495819378894,True,31533.399999999998,26.286775300017325,0.0,1.5926899503136904
34,"[518, 519, 520, 521, 522, 523, 524, 525, 526, 527, 528, 529, 530, 531, 532, 533]",16,water_scaled,1.0,3.6,0.03530703583436864,775.6221590751777,3.6244583129882814e-05,15.079208203125,2,1,3.496000051498413,74,True,4.184092500014231,139.63040011955187,0.0,0.0,0.0,5.274947145750275e-08,0.0,75.24844941443622,16513.11111111111,"[518, 519, 520, 521, 522, 523, 524, 525, 526, 527, 528, 529, 530, 531, 532, 533]",16,water_scaled,1.0,3.6,1.0067939758300783e-05,775.6221590751777,3.6244583129882814e-05,15.079208203125,2,1,3.9719998836517334,68,139.6304001195532,0.0,0.0,0.0,8.93729534823251e-08,0.0,75.24844941443696,True,17519.11111111111,5.28575589999673,9.566830304040208e-15,1.1361555563905965
35,"[534, 535, 536, 537, 538, 539, 540, 541, 542, 543, 544, 545, 546, 547, 548, 549]",16,water_scaled,1.0,3.6,0.000895843612112007,23.41408647,4.4219970703125e-05,15.89167265625,2,1,0.10400009155273438,0,True,0.7785452999814879,-0.0,0.0,0.0,0.0,1.7763568394002505e-09,0.0,0.0,1.0,"[534, 535, 536, 537, 538, 539, 540, 541, 542, 543, 544, 545, 546, 547, 548, 549]",16,water_scaled,1.0,3.6,1.2283325195312502e-05,23.41408647,4.4219970703125e-05,15.89167265625,2,1,0.4200000762939453,0,-0.0,0.0,0.0,0.0,5.329070518200751e-09,0.0,0.0,True,17519.11111111111,1.8893212999973912,0.0,4.038458716942376
36,"[550, 551, 552, 553, 554, 555, 556, 557, 558, 559, 560, 561, 562, 563, 564, 565]",16,water_scaled,1.0,3.6,0.02514366833435845,615.517723,3.716225972298626e-05,16.31641552734375,2,1,0.10899996757507324,0,True,0.8081188000214752,-0.0,0.0,0.0,0.0,1.7763568394002505e-09,0.0,0.0,1.0,"[550, 551, 552, 553, 554, 555, 556, 557, 558, 559, 560, 561, 562, 563, 564, 565]",16,water_scaled,1.0,3.6,1.0322849923051741e-05,615.517723,3.716225972298626e-05,16.31641552734375,2,1,0.5310001373291016,0,-0.0,0.0,0.0,0.0,7.105427357601002e-09,0.0,0.0,True,17519.11111111111,2.1972281000053044,0.0,4.871562342102328
37,"[566, 567, 568, 569, 570, 571, 572, 573, 574, 575, 576, 577, 578, 579, 580, 581]",16,water_scaled,1.0,3.6,0.06137435916772805,21.48177331,4.3505859375000006e-05,10.46446611328125,2,1,0.10599994659423828,0,True,0.8360978999990039,-0.0,0.0,0.0,0.0,1.3322676295501878e-09,0.0,0.0,1.0,"[566, 567, 568, 569, 570, 571, 572, 573, 574, 575, 576, 577, 578, 579, 580, 581]",16,water_scaled,1.0,3.6,1.2084960937500002e-05,21.48177331,4.3505859375000006e-05,10.46446611328125,2,1,0.5270001888275146,0,-0.0,0.0,0.0,0.0,3.552713678800501e-09,0.0,0.0,True,17519.11111111111,2.352667200000724,0.0,4.971702399481777
38,"[582, 583, 584, 585, 586, 587, 588, 589, 590, 591, 592, 593, 594, 595, 596, 597]",16,water_scaled,1.0,3.6,0.014926952223237125,122.39826029999998,5.80078125e-05,21.416878125,2,1,0.10299992561340332,0,True,0.8068456999899354,-0.0,0.0,0.0,0.0,1.7763568394002505e-09,0.0,0.0,1.0,"[582, 583, 584, 585, 586, 587, 588, 589, 590, 591, 592, 593, 594, 595, 596, 597]",16,water_scaled,1.0,3.6,1.6113281250000004e-05,122.39826029999998,5.80078125e-05,21.416878125,2,1,0.45799994468688965,0,-0.0,0.0,0.0,0.0,7.105427357601002e-09,0.0,0.0,True,17519.11111111111,2.0538282000052277,0.0,4.4466046160647945
39,"[598, 599, 600, 603, 604, 605, 606, 607, 608, 609, 610, 611, 612, 613, 614, 615]",16,water_scaled,1.0,3.6,0.014064804445458512,134.7397898,3.622956275939942e-05,28.573541015625,2,1,0.10800004005432129,0,True,0.8153901000041515,-0.0,0.0,0.0,0.0,1.7763568394002505e-09,0.0,0.0,1.0,"[598, 599, 600, 603, 604, 605, 606, 607, 608, 609, 610, 611, 612, 613, 614, 615]",16,water_scaled,1.0,3.6,1.0063767433166506e-05,134.7397898,3.622956275939942e-05,28.573541015625,2,1,0.42100000381469727,0,-0.0,0.0,0.0,0.0,7.105427357601002e-09,0.0,0.0,True,17519.11111111111,1.9785221999918576,0.0,3.898146737750698
40,"[618, 619]",2,water_scaled,1.0,3.6,0.07942085388996831,1.182617353,4.001467080752963e-05,2.583753881835938,2,1,0.22600007057189941,28,True,0.3081330999848433,636.8747148987518,0.0,0.0,4.065996173086006e-07,4.440892098500626e-10,0.0,405.70018056076503,737.1111111111111,"[618, 619]",2,water_scaled,1.0,3.6,1.1115186335424898e-05,1.182617353,4.001467080752963e-05,2.583753881835938,2,1,0.8999998569488525,31,636.8747148987517,0.0,5.228706356774637e-12,4.065996173086006e-07,4.440892098500626e-10,5.228706356774637e-06,405.70018056076503,True,737.1111111111111,1.1266050999984145,1.7850738153372846e-16,3.9822990084533076
