variable,reference,candidate,difference_gw
"thermal_new_gw[13,8]",10.21326708537066,10.213101248544175,-0.00016583682648452225
"thermal_new_gw[13,9]",0.0,0.00016583682648540254,0.00016583682648540254
"thermal_retrofit_to_ccs_gw[13,4]",0.00016583682648540249,0.0,-0.00016583682648540249
"online_capacity_gw[2,4,9]",28.142314317566594,29.262311371782694,1.1199970542160997
"online_capacity_gw[2,4,10]",27.87764029204988,29.262311371782694,1.384671079732815
"online_capacity_gw[2,4,11]",27.87764029204988,29.262311371782694,1.384671079732815
"online_capacity_gw[2,4,12]",27.639201606398167,29.262311371782694,1.6231097653845268
"online_capacity_gw[2,4,13]",27.639201606398167,29.262311371782694,1.6231097653845268
"online_capacity_gw[2,4,14]",27.639201606398167,29.262311371782694,1.6231097653845268
"online_capacity_gw[2,4,15]",29.023872686130982,29.262311371782694,0.23843868565171178
"online_capacity_gw[2,6,9]",3.5055592530082063,2.385562198792113,-1.119997054216093
"online_capacity_gw[2,6,10]",3.5055592530082063,2.1208881732753966,-1.3846710797328097
"online_capacity_gw[2,6,11]",3.5055592530082063,2.1208881732753966,-1.3846710797328097
"online_capacity_gw[2,6,12]",3.5055592530082063,1.8824494876236906,-1.6231097653845157
"online_capacity_gw[2,6,13]",3.5055592530082063,1.8824494876236906,-1.6231097653845157
"online_capacity_gw[2,6,14]",3.5055592530082063,1.8824494876236906,-1.6231097653845157
"online_capacity_gw[2,6,15]",3.5055592530082063,3.2671205673565002,-0.238438685651706
"online_capacity_gw[15,4,13]",12.790466891246423,12.906381196186718,0.11591430494029531
"online_capacity_gw[15,4,14]",10.201828166071344,11.019257487747694,0.8174293216763502
"online_capacity_gw[15,4,15]",10.201828166071344,11.019257487747694,0.8174293216763502
"online_capacity_gw[15,4,16]",10.201828166071344,11.019257487747694,0.8174293216763502
"online_capacity_gw[15,4,17]",10.201828166071344,11.019257487747694,0.8174293216763502
"online_capacity_gw[15,6,13]",1.799550345106784,1.6836360401664854,-0.11591430494029864
"online_capacity_gw[15,6,14]",1.799550345106784,0.9821210234304497,-0.8174293216763343
"online_capacity_gw[15,6,15]",1.799550345106784,0.9821210234304497,-0.8174293216763343
"online_capacity_gw[15,6,16]",1.799550345106784,0.9821210234304497,-0.8174293216763343
"online_capacity_gw[15,6,17]",1.799550345106784,0.9821210234304497,-0.8174293216763343
"online_capacity_gw[18,4,10]",31.086285327052625,40.73160366645122,9.645318339398596
"online_capacity_gw[18,4,11]",18.133666440780697,25.355120432687034,7.221453991906337
"online_capacity_gw[18,4,12]",18.1336664407807,25.355120432687034,7.221453991906333
"online_capacity_gw[18,4,13]",18.1336664407807,25.355120432687034,7.221453991906333
"online_capacity_gw[18,4,14]",18.1336664407807,25.355120432687034,7.221453991906333
"online_capacity_gw[18,4,15]",18.1336664407807,25.355120432687034,7.221453991906333
"online_capacity_gw[18,4,16]",18.1336664407807,25.355120432687034,7.221453991906333
"online_capacity_gw[18,4,17]",34.311850340672834,25.355120432687034,-8.9567299079858
"online_capacity_gw[18,6,10]",45.7094892038585,36.06417086445995,-9.64531833939855
"online_capacity_gw[18,6,11]",28.258886996174635,21.037433004268305,-7.22145399190633
"online_capacity_gw[18,6,12]",28.258886996174635,21.037433004268305,-7.22145399190633
"online_capacity_gw[18,6,13]",28.258886996174635,21.037433004268305,-7.22145399190633
"online_capacity_gw[18,6,14]",28.258886996174635,21.037433004268305,-7.22145399190633
"online_capacity_gw[18,6,15]",28.258886996174635,21.037433004268305,-7.22145399190633
"online_capacity_gw[18,6,16]",28.258886996174635,21.037433004268305,-7.22145399190633
"online_capacity_gw[18,6,17]",28.258886996174635,45.7094892038585,17.45060220768387
"online_capacity_gw[20,4,9]",1.8014875762972886,2.174997496901075,0.3735099206037862
"online_capacity_gw[20,4,10]",1.8014875762972884,2.174997496901075,0.3735099206037864
"online_capacity_gw[20,4,11]",1.8014875762972884,2.174997496901075,0.3735099206037864
"online_capacity_gw[20,4,12]",1.8014875762972884,2.174997496901075,0.3735099206037864
"online_capacity_gw[20,4,13]",1.8014875762972884,2.174997496901075,0.3735099206037864
"online_capacity_gw[20,4,14]",1.8014875762972884,2.174997496901075,0.3735099206037864
"online_capacity_gw[20,4,15]",1.8014875762972884,2.174997496901075,0.3735099206037864
"online_capacity_gw[20,4,16]",1.8014875762972884,2.174997496901075,0.3735099206037864
"online_capacity_gw[20,4,17]",1.8014875762972884,2.174997496901075,0.3735099206037864
"online_capacity_gw[20,6,9]",0.7858366292428022,0.4123267086390157,-0.37350992060378646
"online_capacity_gw[20,6,10]",0.7858366292428022,0.4123267086390157,-0.37350992060378646
"online_capacity_gw[20,6,11]",0.7858366292428022,0.4123267086390157,-0.37350992060378646
"online_capacity_gw[20,6,12]",0.7858366292428022,0.4123267086390157,-0.37350992060378646
"online_capacity_gw[20,6,13]",0.7858366292428022,0.4123267086390157,-0.37350992060378646
"online_capacity_gw[20,6,14]",0.7858366292428022,0.4123267086390157,-0.37350992060378646
"online_capacity_gw[20,6,15]",0.7858366292428022,0.4123267086390157,-0.37350992060378646
"online_capacity_gw[20,6,16]",0.7858366292428022,0.4123267086390157,-0.37350992060378646
"online_capacity_gw[20,6,17]",0.7858366292428022,0.4123267086390157,-0.37350992060378646
"startup_capacity_gw[2,4,15]",1.384671079732815,0.0,-1.384671079732815
"startup_capacity_gw[2,4,16]",0.23843868565171178,0.0,-0.23843868565171178
"startup_capacity_gw[2,6,15]",0.0,1.3846710797328097,1.3846710797328097
"startup_capacity_gw[2,6,16]",0.0,0.238438685651706,0.238438685651706
"startup_capacity_gw[15,4,18]",2.704553030115374,1.8871237084390238,-0.8174293216763502
"startup_capacity_gw[15,6,18]",0.0,0.8174293216763343,0.8174293216763343
"startup_capacity_gw[18,4,17]",16.178183899892133,0.0,-16.178183899892133
"startup_capacity_gw[18,4,18]",6.41975332577839,15.376483233764187,8.956729907985796
"startup_capacity_gw[18,6,17]",0.0,24.672056199590198,24.672056199590198
"startup_capacity_gw[18,6,18]",17.45060220768387,0.0,-17.45060220768387
"startup_capacity_gw[20,4,18]",2.522082606816204,2.1485726862124177,-0.3735099206037864
"startup_capacity_gw[20,6,18]",0.2037474714908356,0.577257392094622,0.3735099206037864
"shutdown_capacity_gw[2,4,9]",1.1199970542160997,0.0,-1.1199970542160997
"shutdown_capacity_gw[2,4,10]",0.26467402551671526,0.0,-0.26467402551671526
"shutdown_capacity_gw[2,4,12]",0.23843868565171178,0.0,-0.23843868565171178
"shutdown_capacity_gw[2,6,9]",0.0,1.119997054216093,1.119997054216093
"shutdown_capacity_gw[2,6,10]",0.0,0.2646740255167166,0.2646740255167166
"shutdown_capacity_gw[2,6,12]",0.0,0.238438685651706,0.238438685651706
"shutdown_capacity_gw[15,4,13]",0.11591430494029531,0.0,-0.11591430494029531
"shutdown_capacity_gw[15,4,14]",2.5886387251750786,1.8871237084390238,-0.7015150167360549
"shutdown_capacity_gw[15,6,13]",0.0,0.11591430494029875,0.11591430494029875
"shutdown_capacity_gw[15,6,14]",0.0,0.7015150167360356,0.7015150167360356
"shutdown_capacity_gw[18,4,10]",9.645318339398596,0.0,-9.645318339398596
"shutdown_capacity_gw[18,4,11]",12.952618886271928,15.376483233764187,2.423864347492259
"shutdown_capacity_gw[18,6,10]",0.0,9.64531833939855,9.64531833939855
"shutdown_capacity_gw[18,6,11]",17.45060220768387,15.026737860191648,-2.42386434749222
"shutdown_capacity_gw[20,4,9]",2.5220826068162037,2.1485726862124177,-0.37350992060378596
"shutdown_capacity_gw[20,6,9]",0.2037474714908356,0.577257392094622,0.3735099206037864
