iteration,primal_objective,dual_objective,primal_residual,dual_residual,complementarity,runtime_seconds,relative_objective_gap
0,79363891100000.0,-283834921000000.0,562000000000.0,30.7,154000000000.0,21267,1.2796128496817345
1,75845451100000.0,-280522547000000.0,540000000000.0,2290.0,149000000000.0,21317,1.270372032163247
2,74057920400000.0,-287188302000000.0,528000000000.0,4490.0,146000000000.0,21551,1.2578723432822831
3,71597401800000.0,-333527841000000.0,511000000000.0,4320.0,142000000000.0,22201,1.2146669423018273
4,67678201900000.0,-492701023000000.0,484000000000.0,4050.0,135000000000.0,23415,1.1373616021495454
5,62477411300000.0,-740714651000000.0,448000000000.0,4380.0,126000000000.0,24634,1.0843474760701068
6,60997741800000.0,-1020213410000000.0,437000000000.0,4150.0,121000000000.0,25855,1.0597891982227523
7,58813559900000.0,-1351016420000000.0,421000000000.0,3890.0,115000000000.0,27092,1.0435328239015778
8,55193231000000.0,-2151951880000000.0,394000000000.0,3300.0,105000000000.0,28337,1.0256479856789362
9,48432393800000.0,-2819794740000000.0,344000000000.0,2780.0,91100000000.0,29576,1.0171758579136863
10,39284694200000.0,-2840421350000000.0,278000000000.0,2590.0,76800000000.0,30838,1.0138305868599389
11,33729858500000.0,-3087371260000000.0,236000000000.0,2200.0,65400000000.0,32077,1.0109251060722773
12,30627645800000.0,-3258753910000000.0,212000000000.0,1900.0,58200000000.0,33301,1.009398575850117
13,27836370800000.0,-3390653790000000.0,190000000000.0,1630.0,51600000000.0,34525,1.0082097355035473
14,24437173500000.0,-3550224400000000.0,163000000000.0,1230.0,42800000000.0,35782,1.0068832757444854
15,21878045800000.0,-3581514950000000.0,142000000000.0,1040.0,37100000000.0,36996,1.0061086009985802
16,20126201200000.0,-3584186990000000.0,127000000000.0,906.0,33100000000.0,38212,1.0056152765623425
17,17677856700000.0,-3540614290000000.0,107000000000.0,737.0,27600000000.0,39492,1.00499287842506
18,14740139700000.0,-3471626740000000.0,81900000000.0,636.0,21900000000.0,40737,1.0042458883987049
19,13608331200000.0,-3270923400000000.0,72300000000.0,494.0,18700000000.0,41970,1.0041603943400204
20,12586031600000.0,-3073876580000000.0,63600000000.0,420.0,16400000000.0,43185,1.0040945142956912
21,11239788400000.0,-2677786420000000.0,52200000000.0,325.0,13400000000.0,44440,1.00419741780601
22,10035524700000.0,-2198533920000000.0,42100000000.0,254.0,10800000000.0,45704,1.0045646440151352
23,8986558640000.0,-1660255320000000.0,33500000000.0,203.0,8620000000.0,46951,1.0054127570210105
24,8261004430000.0,-1201291540000000.0,27700000000.0,168.0,7140000000.0,48199,1.0068767690064644
25,7721751220000.0,-823584807000000.0,23500000000.0,146.0,6090000000.0,49431,1.0093757815277424
26,7293215670000.0,-694794465000000.0,20300000000.0,115.0,5200000000.0,50694,1.0104969397964332
27,6907651510000.0,-706997414000000.0,17500000000.0,104.0,4540000000.0,51918,1.0097704056241428
28,6495966990000.0,-573377423000000.0,14500000000.0,90.6,3830000000.0,53181,1.0113293037525128
29,6211620780000.0,-453676729000000.0,12600000000.0,77.2,3300000000.0,54427,1.0136917333046633
30,5965145540000.0,-385205785000000.0,10900000000.0,67.0,2870000000.0,55643,1.0154856073617897
31,5838874590000.0,-290800670000000.0,10000000000.0,53.1,2580000000.0,56874,1.0200786146400558
32,5744879610000.0,-252132322000000.0,9420000000.0,45.5,2380000000.0,58106,1.0227851771023628
33,5644065250000.0,-231520839000000.0,8730000000.0,42.0,2210000000.0,59322,1.0243782169863336
34,5422298660000.0,-203250517000000.0,7280000000.0,35.8,1850000000.0,60587,1.0266779083272886
35,5334739380000.0,-189478658000000.0,6670000000.0,33.0,1700000000.0,61819,1.0281548298700744
36,5229743960000.0,-182594853000000.0,6000000000.0,30.5,1530000000.0,63049,1.0286412452162603
37,5213955080000.0,-180357603000000.0,5910000000.0,29.4,1500000000.0,64296,1.0289089841141879
38,5185874130000.0,-172938426000000.0,5730000000.0,27.5,1450000000.0,65511,1.0299868239230996
39,5151374880000.0,-175479540000000.0,5500000000.0,23.9,1370000000.0,66750,1.0293559857747518
40,5021832500000.0,-168380146000000.0,4650000000.0,21.3,1170000000.0,67980,1.0298243743059825
41,4936725860000.0,-150294243000000.0,4150000000.0,15.3,1020000000.0,69233,1.0328470722594478
42,4850686580000.0,-138358078000000.0,3600000000.0,11.6,876000000.0,70457,1.0350589329522197
43,4662300400000.0,-129036291000000.0,2410000000.0,7.71,596000000.0,71703,1.0361316987947213
44,4680845410000.0,-115738685000000.0,2030000000.0,3.19,483000000.0,72936,1.040443222678744
45,4780557120000.0,-112141797000000.0,1360000000.0,1.68,330000000.0,74150,1.0426295747695216
46,4908570030000.0,-107725408000000.0,1070000000.0,0.675,258000000.0,75382,1.045565573815232
47,4967749640000.0,-105394405000000.0,842000000.0,0.478,204000000.0,76598,1.0471348516081096
48,5760382260000.0,-379102120000000.0,505000000.0,0.0612,124000000.0,77949,1.015194803605952
49,6065143170000.0,-311339131000000.0,368000000.0,0.0497,90900000.0,79188,1.0194808251391951
50,5449658790000.0,-269520141000000.0,265000000.0,0.0403,65900000.0,80403,1.0202198572981602
51,5030255380000.0,-98285597400000.0,160000000.0,0.0141,38900000.0,81633,1.051179984789918
52,5135012290000.0,-68615444300000.0,40000000.0,0.00891,10300000.0,82927,1.0748375579636085
53,6718142940000.0,-49193177900000.0,9300000.0,0.00341,2840000.0,84149,1.1365665571282395
54,4888373320000.0,-24195662800000.0,5470000.0,0.00434,1500000.0,85372,1.2020351068870079
55,3876507650000.0,-9898497000000.0,3370000.0,0.00326,818000.0,86633,1.3916258852227767
56,2393641290000.0,-6025078370000.0,1530000.0,0.00209,382000.0,87927,1.3972796938075347
57,1742618320000.0,-2974179940000.0,849000.0,0.0016,198000.0,89173,1.5859155650145365
58,1272654020000.0,-1796207940000.0,471000.0,0.00148,109000.0,90443,1.7085226557900641
59,992593600000.0,-1291875970000.0,308000.0,0.00163,70700.0,91714,1.7683350592859157
60,768990778000.0,-883732052000.0,185000.0,0.00156,42600.0,92984,1.8701628239687293
61,565329597000.0,-607390321000.0,100000.0,0.00144,23900.0,94262,1.9307517381397323
62,451476936000.0,-463750637000.0,62900.0,0.000971,15700.0,95491,1.9735338347362745
63,429485963000.0,-442108029000.0,57700.0,0.000878,14500.0,96706,1.97145026741869
64,357934275000.0,-379534073000.0,41200.0,0.000635,11000.0,97937,1.9430886459566965
65,334416886000.0,-306349093000.0,36800.0,0.000783,9160.0,99171,1.9160694505121372
66,297367965000.0,-268269604000.0,30400.0,0.00213,7640.0,100488,1.9021469545315683
67,254910775000.0,-225219269000.0,23900.0,0.00827,6080.0,101790,1.8835219656760291
68,219529208000.0,-203292623000.0,19400.0,0.00741,5140.0,103077,1.9260390672023926
69,207785437000.0,-186817180000.0,18100.0,0.0067,4720.0,104292,1.8990869749933437
70,178202630000.0,-159723837000.0,15000.0,0.00557,3910.0,105554,1.8963045999938384
71,168119760000.0,-138197623000.0,14000.0,0.00468,3480.0,106770,1.8220189167531526
72,152147638000.0,-121508049000.0,12200.0,0.00401,3000.0,108009,1.7986193581263483
73,142842524000.0,-113793720000.0,10500.0,0.00373,2680.0,109255,1.796637561514945
74,141341199000.0,-107801446000.0,10200.0,0.0035,2550.0,110463,1.7627036332131298
75,125235653000.0,-95036259000.0,6310.0,0.00304,1940.0,111717,1.7588594519485596
76,122270576000.0,-83962168200.0,5740.0,0.00266,1720.0,112972,1.6866915242142966
77,121665958000.0,-81805287800.0,5620.0,0.00259,1670.0,114188,1.6723761448539287
78,120585227000.0,-77656627100.0,5420.0,0.00244,1590.0,115394,1.6439978514117655
79,118953271000.0,-75340505400.0,5110.0,0.00236,1520.0,116611,1.6333621998507297
80,118111655000.0,-67710890600.0,4960.0,0.0021,1400.0,117849,1.5732786539990486
81,116186004000.0,-63372173900.0,4610.0,0.00195,1300.0,119096,1.5454372447476548
82,114073020000.0,-57895105200.0,4240.0,0.00177,1180.0,120327,1.5075267157825751
83,111884678000.0,-54538792000.0,3880.0,0.00166,1100.0,121566,1.487455413689442
84,111435036000.0,-52576188500.0,3810.0,0.0016,1060.0,122774,1.471810216851368
85,107876694000.0,-42882388300.0,3250.0,0.00128,870.0,124013,1.3975130003520502
86,103585195000.0,-38315791900.0,2640.0,0.00113,749.0,125242,1.369896411354924
87,101417180000.0,-37209897900.0,2370.0,0.0011,710.0,126463,1.3668993547247124
88,100971814000.0,-36491753900.0,2320.0,0.00108,695.0,127686,1.3614053512002864
89,100120737000.0,-35509245300.0,2220.0,0.00105,673.0,128891,1.3546642420340953
90,98845865600.0,-31474001500.0,2080.0,0.000925,603.0,130154,1.3184149514898882
91,98816559200.0,-30986728300.0,2080.0,0.00091,596.0,131359,1.3135782965007348
92,98675310200.0,-30499099900.0,2070.0,0.000892,588.0,132565,1.3090854220593067
93,96117406100.0,-29460211700.0,1800.0,0.000904,551.0,133835,1.3065023588896039
94,94070076100.0,-27351360200.0,1610.0,0.000916,505.0,135041,1.2907551618319568
95,91472340700.0,-23915534500.0,1390.0,0.000804,439.0,136280,1.261450995098456
96,89607135500.0,-19549769500.0,1250.0,0.000681,366.0,137526,1.2181720171157575
97,88754995400.0,-18117485800.0,1190.0,0.000647,341.0,138737,1.2041291954142785
98,85657761700.0,-16478867700.0,988.0,0.000599,303.0,139990,1.1923803210935409
99,83838113800.0,-15691928000.0,886.0,0.000576,284.0,141220,1.1871693826203422
100,82637260600.0,-14697341100.0,825.0,0.000544,266.0,142442,1.1778536823859818
101,82004440700.0,-13258276000.0,795.0,0.000497,243.0,143678,1.1616775370556243
102,81344547400.0,-12105046800.0,765.0,0.000459,225.0,144892,1.1488120247381204
103,79788594400.0,-11278844500.0,695.0,0.000431,209.0,146122,1.141359107586936
104,78925775900.0,-10083489000.0,660.0,0.00039,189.0,147351,1.1277591367967787
105,76231417000.0,-8789140870.0,555.0,0.000344,164.0,148573,1.1152955200872103
106,75392566700.0,-8417497930.0,527.0,0.000331,157.0,149777,1.1116489104754144
107,74454724400.0,-8229232470.0,498.0,0.000322,152.0,151007,1.110526666189634
108,74349171700.0,-8028316920.0,495.0,0.000271,149.0,152229,1.107981255694339
109,74191553600.0,-7785650780.0,490.0,0.000247,145.0,153443,1.104939853692456
110,73952848500.0,-7456963680.0,483.0,0.000225,140.0,154696,1.1008340291314134
111,73867772200.0,-7386211330.0,481.0,0.000223,139.0,155901,1.099992339148953
112,73856716600.0,-7365714750.0,481.0,0.000223,139.0,157107,1.0997297888273576
113,73846057300.0,-7295690000.0,480.0,0.000221,140.0,158321,1.098795931248722
114,73727756600.0,-7079301180.0,477.0,0.000215,136.0,159558,1.0960194844718767
115,73554858000.0,-6958246870.0,472.0,0.00021,134.0,160765,1.0945994195244044
116,73181343100.0,-6609934000.0,462.0,0.0002,128.0,162003,1.0903226658599001
117,73081147100.0,-6411465360.0,459.0,0.000193,125.0,163234,1.0877307707174728
118,72895277000.0,-6306791960.0,454.0,0.000188,124.0,164463,1.0865185265706583
119,72692857900.0,-6153951320.0,449.0,0.000245,121.0,165692,1.0846568906186862
120,72440078400.0,-5958885630.0,442.0,0.000744,118.0,166922,1.0822595138163185
121,71993134800.0,-5754462670.0,431.0,0.00115,114.0,168160,1.0799307140324719
122,71714598600.0,-5552436040.0,424.0,0.00188,110.0,169382,1.0774240691350674
123,71474283000.0,-5465673900.0,418.0,0.00406,108.0,170612,1.0764704963881904
124,71395893100.0,-5307503820.0,416.0,0.0108,106.0,171827,1.0743390633487293
125,71205557800.0,-5222899950.0,411.0,0.0123,104.0,173049,1.0733496107799607
126,70874950200.0,-5120485020.0,403.0,0.0168,102.0,174295,1.0722467529860782
127,70642947200.0,-4951776130.0,397.0,0.0181,99.5,175540,1.070095831590673
128,70549524000.0,-4850495590.0,395.0,0.0229,97.9,176754,1.068753059056784
129,70360003300.0,-4725286890.0,391.0,0.0256,95.7,177984,1.0671587076233124
130,70218766700.0,-4615004280.0,388.0,0.0317,93.9,179189,1.0657232317923921
131,70087620800.0,-4499004790.0,385.0,0.0326,92.0,180403,1.0641911472903072
132,69932398600.0,-4391342850.0,381.0,0.0366,90.1,181617,1.0627941117123358
133,69679542100.0,-4339492720.0,375.0,0.0417,88.9,182830,1.062277859314463
134,69605197300.0,-4254855730.0,374.0,0.0439,87.6,184044,1.0611284199319408
135,69596871200.0,-4211983990.0,373.0,0.047,87.0,185266,1.0605197319559962
136,69370168200.0,-4182825000.0,368.0,0.0496,86.1,186472,1.0602971725243704
137,69271751600.0,-4129296200.0,366.0,0.0512,85.2,187686,1.0596101023090052
138,69153817300.0,-4067281130.0,364.0,0.0518,84.2,188915,1.0588149908248088
139,68845114200.0,-3916628840.0,357.0,0.0558,81.4,190137,1.0568904400190537
140,68668261600.0,-3825665910.0,353.0,0.0548,79.8,191360,1.055712287174021
141,68415213900.0,-3764843370.0,348.0,0.049,78.5,192573,1.0550293298140225
142,67882971400.0,-3639086110.0,337.0,0.0561,75.9,193787,1.0536082324469374
143,67587792300.0,-3524128910.0,331.0,0.0604,73.7,195009,1.052141500559118
144,67298612800.0,-3410663300.0,325.0,0.063,71.7,196230,1.0506795483308982
145,67133084200.0,-3326783250.0,322.0,0.0669,70.2,197451,1.0495550485970373
146,67038008000.0,-3208708350.0,320.0,0.068,68.4,198672,1.0478640169320066
147,66892100800.0,-3109302660.0,317.0,0.0678,66.7,199878,1.0464823592444266
148,66445297100.0,-3057237540.0,309.0,0.0666,65.3,201100,1.0460113457751399
149,66156871400.0,-2900953560.0,303.0,0.0663,62.6,202369,1.0438496183179544
150,66096657400.0,-2846675190.0,302.0,0.0651,61.8,203592,1.0430683683862052
151,65788633800.0,-2765624390.0,297.0,0.0636,60.2,204805,1.042038027395547
152,65508707100.0,-2722510900.0,292.0,0.0628,59.2,206019,1.0415595272830533
153,65087525800.0,-2636880030.0,284.0,0.0608,57.4,207274,1.0405128324911683
154,64876071800.0,-2590608630.0,281.0,0.0597,56.4,208495,1.0399316505781413
155,64783183500.0,-2575643270.0,279.0,0.0593,56.1,209700,1.039757899054158
156,64187624700.0,-2509975120.0,269.0,0.0577,54.4,210937,1.0391037233692806
157,63708448000.0,-2399355640.0,261.0,0.0551,52.2,212167,1.0376614988329333
158,63542424200.0,-2323746970.0,258.0,0.0533,50.9,213381,1.0365700081363909
159,63166201700.0,-2248064210.0,252.0,0.0514,49.4,214603,1.035589668992239
160,62816374600.0,-2164733890.0,247.0,0.0494,47.8,215824,1.0344612993631759
161,62657708000.0,-2135093010.0,245.0,0.0487,47.2,217038,1.0340755044854177
162,61942991400.0,-2049071650.0,234.0,0.0466,45.1,218324,1.0330799595513238
163,61457432200.0,-1999425270.0,227.0,0.0455,43.9,219546,1.0325334983650685
164,61172279800.0,-1922438990.0,223.0,0.0436,42.5,220792,1.0314266363177134
165,60938383000.0,-1901949820.0,220.0,0.0431,41.9,222013,1.031211031969785
166,60550411600.0,-1861402720.0,215.0,0.0421,41.0,223219,1.0307413718720286
167,60098618700.0,-1782796340.0,209.0,0.0402,39.4,224442,1.0296645144025582
168,59356364500.0,-1697394990.0,199.0,0.0382,37.5,225671,1.0285966804789737
169,59122441600.0,-1670911190.0,196.0,0.0375,36.9,226877,1.0282618772970296
170,58611275900.0,-1600966290.0,190.0,0.0359,35.4,228107,1.027314987865671
171,58463034600.0,-1564190450.0,188.0,0.035,34.8,229320,1.026755204561345
172,57926016100.0,-1521468880.0,182.0,0.034,33.7,230534,1.0262657262217625
173,57453640800.0,-1443173920.0,176.0,0.0321,32.2,231775,1.0251189289295657
174,57101696300.0,-1357508870.0,173.0,0.0301,30.7,233006,1.0237735296490658
175,56436850800.0,-1268039770.0,165.0,0.028,28.9,234244,1.02246829424437
176,55892695300.0,-1224967980.0,160.0,0.027,27.9,235457,1.021916423486559
177,55229893300.0,-1142696410.0,153.0,0.0251,26.2,236727,1.0206898174471035
178,54809397900.0,-1105370350.0,149.0,0.0242,25.4,237933,1.0201675331667892
179,54510709600.0,-1064909540.0,146.0,0.0232,24.6,239156,1.0195357856798106
180,54077730000.0,-959827986.0,142.0,0.0208,22.9,240393,1.0177490435711707
181,53981243000.0,-934782502.0,142.0,0.0202,22.4,241614,1.0173168020973506
182,53803731500.0,-889399467.0,140.0,0.0192,21.7,242818,1.0165304420753791
183,52918894200.0,-836755191.0,132.0,0.018,20.4,244072,1.0158120309135257
184,52181744700.0,-789530200.0,126.0,0.0169,19.3,245301,1.0151303909928484
185,51814410000.0,-776604031.0,123.0,0.0166,18.9,246523,1.0149881863172812
186,51007246200.0,-728925634.0,117.0,0.0155,17.8,247751,1.0142906290439966
187,50204648200.0,-662623081.0,111.0,0.014,16.4,248989,1.013198440876636
188,49385110300.0,-631359803.0,105.0,0.0133,15.6,250242,1.0127844161765496
189,48815509700.0,-594497404.0,101.0,0.0125,14.8,251471,1.012178453275476
190,48262130400.0,-570601660.0,97.8,0.0156,14.2,252717,1.0118229687597877
191,47746777100.0,-555909020.0,94.6,0.0166,13.8,253938,1.0116428595554359
192,47248921100.0,-520496248.0,91.6,0.0178,13.1,255176,1.0110160451473251
193,46763215900.0,-491389412.0,88.7,0.0161,12.5,256389,1.0105080329173854
194,46214520200.0,-469426339.0,85.6,0.0166,12.0,257619,1.0101575508513014
195,45826033100.0,-434812010.0,83.5,0.0179,11.3,258841,1.0094883187696209
196,45401627500.0,-406746922.0,81.2,0.0194,10.8,260111,1.0089588621465166
197,44685355100.0,-371361831.0,77.5,0.02,10.1,261324,1.0083105937094814
198,43782913900.0,-352682358.0,73.0,0.0237,9.5,262563,1.0080552509320309
199,43484627400.0,-329760930.0,71.7,0.0266,9.08,263802,1.0075833909525462
200,42927500100.0,-320713580.0,69.1,0.0278,8.79,265015,1.0074710518724104
201,42617200300.0,-300704258.0,67.7,0.0336,8.42,266277,1.007055936473612
202,41842744700.0,-283786796.0,64.4,0.0377,7.96,267513,1.006782222295279
203,41670743000.0,-273988274.0,63.6,0.0419,7.78,268727,1.006575075323231
204,41337802900.0,-264586196.0,62.3,0.0446,7.56,269958,1.0064005868100938
205,40934519100.0,-257114395.0,60.7,0.0461,7.35,271171,1.006281114341954
206,40824022200.0,-244607115.0,60.2,0.0472,7.15,272391,1.0059917446106033
207,40678000300.0,-234088591.0,59.7,0.0467,6.96,273596,1.0057546730240818
208,40171629300.0,-227842234.0,57.7,0.0479,6.75,274816,1.0056717200165939
209,40072703300.0,-219915459.0,57.4,0.0463,6.62,276029,1.005487911742655
210,39736931800.0,-215885351.0,56.1,0.0457,6.48,277239,1.0054328641196197
211,39484627200.0,-211961230.0,55.2,0.045,6.37,278451,1.0053681963090688
212,39345382500.0,-209587477.0,54.7,0.0445,6.3,279663,1.0053268633746286
213,38625511300.0,-199543212.0,52.2,0.0422,6.0,280923,1.0051660989145275
214,38258146200.0,-187795685.0,51.0,0.0396,5.76,282135,1.0049086457043233
215,38092108300.0,-181244758.0,50.4,0.0381,5.63,283340,1.0047580658065072
216,37806438800.0,-176963059.0,49.5,0.0372,5.51,284551,1.0046807650923206
217,37718987100.0,-173349129.0,49.2,0.0364,5.44,285764,1.0045958055167394
218,37404916800.0,-162256203.0,48.2,0.034,5.22,287000,1.0043378308757527
219,37047232600.0,-155414532.0,47.1,0.0325,5.06,288229,1.0041950375532234
220,36746730000.0,-149063524.0,46.2,0.0312,4.91,289474,1.0040565112596413
221,36421665300.0,-141405561.0,45.2,0.0295,4.74,290710,1.0038824573186114
222,36218988700.0,-136900190.0,44.6,0.0286,4.64,291930,1.0037797905163486
223,35904600300.0,-134178790.0,43.7,0.028,4.55,293141,1.0037370918734332
224,35697702200.0,-130030186.0,43.1,0.0271,4.45,294354,1.0036425365776065
225,35343133200.0,-123970532.0,42.2,0.0258,4.3,295614,1.0035076271053411
226,34836097200.0,-118078455.0,40.8,0.0245,4.13,296842,1.0033895431604203
227,34548339300.0,-113991031.0,40.0,0.0236,4.03,298062,1.0032994648457676
228,33984428900.0,-105325806.0,38.6,0.0218,3.81,299329,1.0030992371921248
229,33585690600.0,-99535276.9,37.6,0.0205,3.67,300549,1.002963621563881
230,33115588600.0,-94206219.5,36.4,0.0193,3.52,301762,1.002844769592892
231,32920517000.0,-89850997.2,36.0,0.0184,3.43,302982,1.0027293312920937
232,32806714400.0,-87153432.4,35.7,0.0178,3.38,304186,1.0026565730215276
233,32284412100.0,-83909534.8,34.5,0.0171,3.26,305407,1.0025990727209184
234,32199298200.0,-82412892.5,34.3,0.0168,3.23,306619,1.002559462382941
235,31646191300.0,-78918192.6,33.1,0.0161,3.1,307840,1.0024937658959294
236,31239571300.0,-74578204.0,32.2,0.0152,2.99,309084,1.002387299213674
237,30486968900.0,-72227324.8,30.6,0.0147,2.87,310313,1.0023691212149333
238,30293581100.0,-68576110.8,30.3,0.0139,2.79,311540,1.0022637175371782
239,29817164300.0,-66173629.3,29.3,0.0134,2.7,312760,1.0022193133000243
240,29678894900.0,-63836818.5,29.1,0.0129,2.65,313973,1.0021509162896762
241,29250980400.0,-61758156.4,28.2,0.0125,2.57,315193,1.0021113191953046
242,28850787200.0,-58777834.9,27.5,0.0119,2.49,316431,1.0020373043720623
243,28707837600.0,-57033681.2,27.3,0.0115,2.45,317635,1.0019866937382982
244,28579110700.0,-56198148.6,27.0,0.0114,2.42,318840,1.0019664064844396
245,28183395800.0,-53397434.4,26.3,0.0108,2.34,320060,1.0018946416102208
246,27820049200.0,-50476131.0,25.7,0.0102,2.26,321320,1.0018143796453098
247,27505975300.0,-48055249.6,25.2,0.00968,2.19,322539,1.0017470840090517
248,27259405700.0,-45714317.5,24.8,0.0092,2.13,323751,1.0016770107904442
249,26629545400.0,-43972988.1,23.8,0.00884,2.04,324971,1.0016512857219109
250,26292777800.0,-42940654.7,23.3,0.00864,2.0,326194,1.0016331729962744
251,26061024100.0,-39829302.7,22.9,0.00801,1.93,327465,1.001528309192577
252,25772696600.0,-39400052.5,22.5,0.00791,1.9,328687,1.0015287516518547
253,25466980600.0,-37844665.4,22.0,0.00761,1.85,329903,1.0014860287520697
254,25296891300.0,-36602376.3,21.8,0.00735,1.82,331116,1.0014469120282776
255,24763070000.0,-34306062.2,21.0,0.00689,1.73,332353,1.0013853719349015
256,24232695700.0,-32994642.0,20.3,0.00662,1.67,333593,1.0013615753859362
257,23873818200.0,-31479601.6,19.8,0.00631,1.62,334824,1.0013185826136515
258,23629895800.0,-30183727.5,19.5,0.00605,1.58,336055,1.0012773533897683
259,23204646100.0,-28934228.4,19.0,0.00581,1.53,337285,1.0012469153063275
260,22995993800.0,-28366987.2,18.7,0.00569,1.51,338508,1.0012335621346358
261,22668951800.0,-27222528.8,18.3,0.00547,1.47,339731,1.0012008728520037
262,22151283600.0,-25301165.0,17.7,0.00509,1.4,340962,1.0011421985947577
263,21886351000.0,-24385396.2,17.4,0.00491,1.37,342177,1.001114182816496
264,21127583800.0,-22212153.0,16.6,0.00448,1.28,343480,1.001051334275148
265,20440131000.0,-21534354.1,15.8,0.00435,1.23,344694,1.0010535330766714
266,20158737200.0,-20787222.0,15.5,0.0042,1.2,345908,1.0010311767941495
267,19502793500.0,-19793641.7,14.9,0.00476,1.15,347136,1.0010149131559025
268,19131653600.0,-19155641.7,14.5,0.00584,1.12,348365,1.0010012538435256
269,18584027200.0,-18088384.9,14.0,0.00895,1.07,349609,1.000973329661291
270,18071792900.0,-17040229.1,13.5,0.0166,1.03,350837,1.0009429185689704
271,17951478300.0,-16698784.9,13.4,0.0205,1.02,352049,1.0009302178138724
272,17183110800.0,-15677447.8,12.7,0.0325,0.974,353303,1.0009123754122564
273,17042317300.0,-14378713.0,12.6,0.0466,0.98,354531,1.000843706448301
274,16470759600.0,-13832646.6,12.2,0.0523,0.976,355744,1.0008398305200206
275,15786967100.0,-13609764.8,11.6,0.054,0.903,356957,1.0008620886275237
276,15455086600.0,-12801047.5,11.3,0.0551,0.971,358178,1.0008282740712693
277,15399040800.0,-12093264.2,10.9,0.0548,1.12,359422,1.000785325810683
278,15231475300.0,-11560306.2,10.4,0.0537,1.06,360644,1.0007589748184145
279,15137312100.0,-11124762.1,9.98,0.0525,1.01,361880,1.0007349232166523
280,15096889700.0,-10656821.0,9.78,0.051,1.01,363100,1.0007058951354728
281,15023121000.0,-9705305.43,9.29,0.0479,1.01,364344,1.0006460245797129
282,14954440400.0,-9298795.32,8.85,0.0465,0.961,365588,1.000621808310527
283,14885284100.0,-8677993.97,8.41,0.0445,0.914,366832,1.0005829914909048
284,14809976300.0,-8172794.56,7.93,0.0427,0.852,368068,1.0005518438648682
285,14800386500.0,-7631418.13,7.87,0.0408,0.864,369289,1.000515622894713
286,14747316100.0,-7259749.41,7.53,0.0395,0.821,370509,1.0004922759748807
287,14728668800.0,-6860183.48,7.41,0.0383,0.815,371730,1.000465770774885
288,14693512100.0,-6513782.63,7.19,0.0378,0.792,372958,1.0004433101212065
289,14689234300.0,-6449327.09,7.16,0.0377,0.79,374162,1.0004390512778465
290,14673675300.0,-6344770.94,7.07,0.0375,0.779,375374,1.0004323913954944
291,14617708400.0,-6063314.32,6.73,0.037,0.737,376595,1.0004147923979658
292,14589183500.0,-5738349.64,6.56,0.0361,0.719,377816,1.0003933290468243
293,14562307900.0,-5553452.89,6.41,0.0356,0.702,379038,1.0003813580188068
294,14515296500.0,-5074205.78,6.14,0.0341,0.675,380283,1.000349576447164
295,14481653800.0,-4678229.97,5.95,0.0329,0.656,381510,1.000323045284372
296,14460546800.0,-4375046.81,5.84,0.0319,0.645,382755,1.0003025505792076
297,14437615700.0,-4076599.58,5.72,0.0309,0.633,383983,1.0002823596128827
298,14423657400.0,-3780641.22,5.64,0.0299,0.626,385196,1.0002621139087788
299,14402888900.0,-3611272.96,5.54,0.0294,0.614,386409,1.0002507325429693
300,14379661000.0,-3380946.95,5.42,0.0286,0.602,387622,1.0002351200734148
301,14352248400.0,-3115598.09,5.28,0.0277,0.587,388858,1.0002170808366164
302,14317305300.0,-2947609.13,5.11,0.0271,0.568,390095,1.000205877367859
303,14287623000.0,-2779288.22,4.97,0.0265,0.552,391323,1.0001945241850236
304,14270102600.0,-2570933.76,4.89,0.0257,0.543,392535,1.0001801622477473
305,14224865800.0,-2212221.66,4.69,0.0244,0.52,393794,1.0001555179283308
306,14181082500.0,-2039108.84,4.5,0.0238,0.499,395006,1.0001437907747874
307,14151154200.0,-1702530.4,4.37,0.0226,0.485,396243,1.0001203103560272
308,14130656300.0,-1526902.14,4.29,0.0219,0.476,397463,1.0001080559959554
309,14115563200.0,-1454366.1,4.23,0.0216,0.469,398668,1.0001030328070792
310,14108117300.0,-1360149.88,4.2,0.0213,0.466,399881,1.0000964090282973
311,14099815200.0,-1166547.17,4.17,0.0205,0.462,401111,1.0000827349261996
312,14053191000.0,-877772.015,3.98,0.0194,0.442,402380,1.0000624606906003
313,14044565200.0,-753208.198,3.95,0.0192,0.438,403599,1.0000536298694387
314,14029342700.0,-668551.773,3.89,0.0201,0.432,404803,1.0000476538200895
315,14003364800.0,-503233.142,3.8,0.022,0.421,406014,1.0000359365873266
316,13976998200.0,-371198.736,3.7,0.0234,0.411,407242,1.000026557829563
317,13957729700.0,-225468.843,3.64,0.025,0.403,408485,1.0000161536903096
318,13908827300.0,-120416.81,3.47,0.0262,0.384,409697,1.0000086575817935
319,13893570600.0,114698.7,3.42,0.0287,0.378,410939,0.9999917444763983
320,13864984300.0,238539.819,3.33,0.03,0.368,412159,0.9999827955218816
321,13832741300.0,391753.499,3.22,0.0315,0.356,413402,0.9999716792578922
322,13782363500.0,647385.26,3.07,0.034,0.338,414709,0.9999530279940737
323,13747835600.0,834245.247,2.97,0.0358,0.327,415936,0.9999393180664017
324,13709257800.0,918335.06,2.86,0.0365,0.315,417153,0.9999330135100385
325,13702901200.0,935365.861,2.84,0.0366,0.313,418367,0.9999317395749011
326,13685954300.0,1065003.62,2.8,0.037,0.307,419608,0.9999221827286096
327,13667477100.0,1144996.71,2.75,0.0371,0.302,420841,0.999916224720801
328,13657686800.0,1222676.63,2.72,0.0385,0.299,422050,0.9999104770340759
329,13650404300.0,1304066.0,2.7,0.0406,0.296,423275,0.9999044668589047
330,13627888900.0,1462232.14,2.65,0.0444,0.289,424546,0.9998927029600307
331,13590711900.0,1589048.55,2.55,0.0467,0.279,425786,0.9998830783433795
332,13568023100.0,1639616.61,2.5,0.0472,0.273,427001,0.99987915582116
333,13549341400.0,1740813.64,2.45,0.0475,0.267,428217,0.9998715204238636
334,13528650000.0,1782600.26,2.4,0.0475,0.262,429440,0.9998682351705455
335,13512839900.0,1859175.06,2.37,0.047,0.258,430640,0.999862414187265
336,13484936700.0,1903205.15,2.3,0.0467,0.251,431864,0.9998588643615954
337,13462361000.0,1982706.63,2.25,0.0457,0.245,433097,0.9998527222208646
338,13454168900.0,2021568.65,2.24,0.0451,0.243,434305,0.9998497440707765
339,13413278800.0,2144930.66,2.15,0.0431,0.233,435552,0.9998400890123897
340,13392225000.0,2178981.78,2.1,0.0425,0.228,436770,0.9998372950140846
341,13371989700.0,2266568.93,2.06,0.0408,0.223,438000,0.9998304987529267
342,13365877400.0,2285355.87,2.05,0.0405,0.222,439201,0.9998290156492082
343,13361628600.0,2315668.25,2.04,0.0398,0.221,440402,0.9998266926645454
344,13348873400.0,2351047.52,2.02,0.0391,0.218,441626,0.9998238767085768
345,13317237700.0,2407438.03,1.96,0.0379,0.211,442841,0.9998192239198374
346,13292186400.0,2465574.99,1.91,0.0367,0.206,444066,0.9998145094481974
347,13279823200.0,2508861.93,1.89,0.0357,0.203,445281,0.9998110771587682
348,13272412500.0,2526258.92,1.87,0.0355,0.202,446496,0.9998096609098007
349,13266781100.0,2566957.79,1.86,0.0354,0.2,447696,0.9998065123882989
350,13250690300.0,2609628.44,1.83,0.0356,0.197,448912,0.9998030571705384
351,13238084800.0,2651106.18,1.81,0.0359,0.194,450127,0.9997997364256195
352,13221254600.0,2687647.56,1.78,0.0361,0.191,451350,0.99979671766097
353,13205073700.0,2726303.18,1.75,0.0364,0.188,452566,0.999793541237108
354,13177539500.0,2755592.95,1.71,0.0364,0.183,453782,0.9997908871417156
355,13166301300.0,2801210.43,1.69,0.0366,0.181,455007,0.9997872439369134
356,13148627000.0,2832468.78,1.66,0.0367,0.177,456223,0.9997845806425264
357,13134451700.0,2863224.16,1.64,0.0367,0.175,457454,0.9997820065713136
358,13133203400.0,2867711.84,1.64,0.0367,0.175,458653,0.999781644146317
359,13110470500.0,2901471.1,1.6,0.0367,0.17,459894,0.999778690543562
360,13096388700.0,2916676.28,1.58,0.0367,0.168,461093,0.9997772915612988
361,13083821100.0,2942046.21,1.56,0.0366,0.166,462324,0.9997751386091637
362,13052312000.0,2979070.97,1.51,0.0364,0.161,463563,0.9997717591358528
363,13030432200.0,3021827.26,1.48,0.036,0.157,464811,0.9997680946254415
364,13017695600.0,3059055.66,1.46,0.0355,0.155,466021,0.9997650078974039
365,12996964900.0,3075271.63,1.43,0.0353,0.152,467221,0.9997633854016179
366,12987981600.0,3082944.29,1.42,0.0352,0.15,468421,0.99976263099341
367,12983417100.0,3095213.33,1.41,0.035,0.15,469638,0.9997616025653215
368,12980032400.0,3114815.32,1.41,0.0346,0.149,470845,0.9997600302353636
369,12950085200.0,3143227.21,1.37,0.034,0.145,472085,0.9997572813490062
370,12937426000.0,3152161.56,1.35,0.0338,0.143,473291,0.9997563532684168
371,12932939600.0,3165309.32,1.35,0.0335,0.142,474491,0.9997552521377274
372,12913952000.0,3186735.59,1.32,0.0329,0.14,475716,0.9997532331241435
373,12905516400.0,3202229.87,1.31,0.0325,0.138,476924,0.9997518712331418
374,12899629500.0,3209831.2,1.3,0.0322,0.137,478124,0.9997511687293034
375,12888589200.0,3236218.14,1.29,0.0321,0.136,479348,0.9997489082715121
376,12874816300.0,3245132.33,1.27,0.0322,0.134,480547,0.999747947290712
377,12872660700.0,3249577.02,1.27,0.0322,0.134,481746,0.9997475598016811
378,12849549000.0,3264836.57,1.24,0.0322,0.131,482970,0.999745918197596
379,12821303600.0,3290984.26,1.21,0.0324,0.127,484217,0.9997433190600057
380,12798580500.0,3316009.21,1.18,0.0325,0.124,485440,0.9997409080475761
381,12792299800.0,3324804.94,1.17,0.0325,0.123,486649,0.999740093259853
382,12774108400.0,3349416.14,1.15,0.0325,0.121,487888,0.9997377964837061
383,12750940100.0,3363288.79,1.13,0.0325,0.118,489103,0.9997362320924086
384,12739780700.0,3368404.53,1.11,0.0325,0.117,490359,0.9997355994887729
385,12713438900.0,3389946.91,1.09,0.0325,0.114,491575,0.9997333572028257
386,12707646600.0,3410596.89,1.08,0.0324,0.113,492791,0.9997316106595222
387,12679764100.0,3430318.54,1.05,0.0323,0.11,494015,0.9997294651136293
388,12666094700.0,3459001.3,1.04,0.032,0.108,495247,0.9997269086184869
389,12641159100.0,3479241.9,1.01,0.0318,0.105,496495,0.9997247687595356
390,12628536900.0,3496045.75,0.999,0.0316,0.104,497710,0.9997231630411596
391,12608591200.0,3512620.33,0.98,0.0313,0.102,498934,0.999721410562506
392,12597637000.0,3521759.87,0.969,0.0311,0.101,500158,0.9997204428203479
393,12577324100.0,3530221.31,0.95,0.0308,0.0987,501388,0.999719318570315
394,12548446000.0,3540403.9,0.924,0.0305,0.0959,502603,0.9997178611678291
395,12522741800.0,3560514.11,0.901,0.0297,0.0934,503826,0.9997156761540831
396,12501184900.0,3572461.5,0.882,0.0293,0.0914,505057,0.9997142301686939
397,12466745000.0,3592371.27,0.852,0.0295,0.0883,506264,0.9997118436873458
398,12449711800.0,3608366.79,0.838,0.0298,0.0867,507479,0.9997101646328872
399,12442591900.0,3616080.3,0.832,0.0299,0.086,508687,0.9997093788553815
400,12417230800.0,3635259.37,0.812,0.0304,0.0838,509903,0.9997072407343833
401,12403365300.0,3654042.3,0.801,0.0309,0.0825,511136,0.9997053991226076
402,12362766900.0,3670989.5,0.769,0.0314,0.0791,512447,0.9997030608495903
403,12341929100.0,3680947.45,0.754,0.0317,0.0774,513655,0.9997017526660398
404,12301799100.0,3692110.53,0.724,0.032,0.0744,514911,0.9996998723113597
405,12241774000.0,3711583.73,0.682,0.0322,0.0699,516167,0.9996968099778676
406,12223092200.0,3714490.95,0.67,0.0322,0.0687,517438,0.9996961087350711
407,12186899800.0,3734306.25,0.646,0.0318,0.0661,518655,0.9996935802943091
408,12174946400.0,3744036.15,0.639,0.0315,0.0653,519878,0.9996924802765457
409,12167446200.0,3748681.4,0.634,0.0313,0.0648,521095,0.9996919089397741
410,12155893100.0,3755534.47,0.627,0.0311,0.064,522294,0.9996910523612618
411,12126618400.0,3765029.32,0.609,0.0307,0.0621,523518,0.9996895235591812
412,12116144100.0,3781680.36,0.603,0.0299,0.0613,524742,0.9996878808696241
413,12089156000.0,3788992.63,0.587,0.0294,0.0597,525958,0.9996865792260436
414,12053863700.0,3810065.0,0.567,0.0282,0.0574,527227,0.9996839133828932
415,12029036300.0,3817006.06,0.553,0.0277,0.056,528443,0.9996826839686236
416,12007400700.0,3825816.25,0.541,0.0271,0.0548,529650,0.999681378481023
417,11995020000.0,3835763.43,0.535,0.0263,0.054,530858,0.9996802203389407
418,11949309300.0,3844437.38,0.511,0.0256,0.0516,532065,0.9996782711633384
419,11908838900.0,3853590.69,0.491,0.0248,0.0495,533304,0.9996764092014041
420,11843714900.0,3864167.01,0.46,0.0238,0.0463,534575,0.9996737369108741
421,11806910700.0,3875300.79,0.443,0.0229,0.0446,535807,0.9996717769035044
422,11782475600.0,3892178.16,0.433,0.0214,0.0433,537063,0.9996696638047781
423,11759583000.0,3903707.71,0.423,0.0204,0.0423,538279,0.9996680402944561
424,11728712300.0,3911947.88,0.41,0.0197,0.041,539503,0.9996664639919594
425,11686433300.0,3921921.76,0.394,0.0189,0.0392,540744,0.99966440387248
426,11659462600.0,3925519.19,0.383,0.0186,0.0382,541968,0.9996633190289576
427,11604739800.0,3931830.45,0.363,0.018,0.0362,543184,0.9996611875390777
428,11588521900.0,3937073.81,0.357,0.0176,0.0356,544416,0.9996602609164504
429,11535350400.0,3938847.45,0.338,0.0175,0.0339,545649,0.9996585411527681
430,11516369900.0,3946502.76,0.332,0.0169,0.0332,546873,0.9996573136505453
431,11487627000.0,3952772.2,0.323,0.0164,0.0322,548089,0.9996559104678451
432,11482160000.0,3954477.46,0.321,0.0162,0.032,549289,0.9996555981226529
433,11472175700.0,3961722.42,0.318,0.0157,0.0316,550510,0.999654666863235
434,11433881800.0,3967959.41,0.306,0.0152,0.0305,551720,0.9996529648041316
435,11424162300.0,3972059.59,0.303,0.0149,0.0302,552935,0.9996523106477575
436,11400974400.0,3975721.65,0.296,0.0146,0.0295,554157,0.9996512822930294
437,11373731200.0,3981224.88,0.289,0.0142,0.0287,555388,0.9996499631642429
438,11358980200.0,3986461.73,0.284,0.0138,0.0282,556596,0.9996490475676681
439,11341123900.0,3989634.17,0.279,0.0135,0.0277,557796,0.9996482152734439
440,11321907300.0,3997313.0,0.274,0.0129,0.0271,559034,0.9996469399639052
441,11307653200.0,4000961.03,0.27,0.0126,0.0268,560241,0.9996461722906393
442,11283180500.0,4004634.01,0.264,0.0123,0.0261,561458,0.9996450793275885
443,11235305300.0,4010927.21,0.252,0.0118,0.0249,562674,0.9996430068340022
444,11215884400.0,4016820.11,0.247,0.0117,0.0244,563898,0.999641863274732
445,11205508200.0,4020989.79,0.244,0.0117,0.0241,565096,0.9996411595334872
446,11148433000.0,4027616.83,0.231,0.0118,0.0228,566343,0.999638727987153
447,11106016000.0,4034325.93,0.221,0.0119,0.0218,567606,0.9996367440916707
448,11089944800.0,4037343.35,0.218,0.0119,0.0214,568814,0.9996359455864919
449,11066041800.0,4041739.73,0.213,0.0119,0.0209,570038,0.9996347619317686
450,11058770400.0,4044583.81,0.211,0.012,0.0207,571239,0.9996342646005202
451,11049991000.0,4045762.02,0.209,0.012,0.0206,572455,0.9996338673922901
452,11031206500.0,4047224.82,0.206,0.012,0.0202,573670,0.9996331113174248
453,11018061300.0,4049840.08,0.203,0.012,0.0199,574878,0.9996324362363096
454,10996341300.0,4053343.41,0.199,0.012,0.0195,576117,0.9996313916329607
455,10984988700.0,4056958.71,0.196,0.012,0.0192,577324,0.9996306815763953
456,10960136300.0,4058698.89,0.192,0.012,0.0188,578532,0.9996296853634932
457,10945297600.0,4062653.3,0.189,0.0119,0.0185,579748,0.9996288220340396
458,10904701500.0,4067569.91,0.181,0.0119,0.0177,580988,0.9996269893394147
459,10902344000.0,4070257.47,0.181,0.0118,0.0176,582188,0.9996266621682457
460,10866276800.0,4074556.49,0.175,0.0118,0.017,583438,0.9996250273607976
461,10841104000.0,4078717.88,0.17,0.0117,0.0165,584669,0.9996237728297783
462,10794449600.0,4080091.58,0.163,0.0117,0.0158,585879,0.9996220194886083
463,10758585100.0,4083543.06,0.157,0.0116,0.0153,587118,0.9996204386522909
464,10733152400.0,4088098.32,0.153,0.0115,0.0148,588334,0.9996191148538989
465,10729819600.0,4090038.82,0.152,0.0114,0.0148,589542,0.9996188156956526
466,10699213800.0,4091697.79,0.148,0.0114,0.0143,590764,0.9996175702377308
467,10680845600.0,4094793.8,0.145,0.0113,0.014,591980,0.999616622695117
468,10674177800.0,4096679.79,0.144,0.0112,0.0139,593188,0.9996162065250589
469,10635828000.0,4100982.89,0.139,0.0111,0.0134,594435,0.9996144180885589
470,10605148000.0,4103722.68,0.135,0.011,0.013,595667,0.9996130442800044
471,10571030000.0,4105647.72,0.13,0.011,0.0125,596877,0.9996116132751492
472,10553897700.0,4107331.64,0.128,0.0109,0.0123,598093,0.9996108232468466
473,10531310500.0,4109096.74,0.125,0.0108,0.012,599301,0.9996098209486844
474,10506941900.0,4111268.26,0.122,0.0107,0.0117,600549,0.9996087093372049
475,10476662000.0,4114218.44,0.119,0.0106,0.0114,601756,0.999607296824122
476,10457603900.0,4115974.33,0.116,0.0105,0.0111,602971,0.999606413250171
477,10445116500.0,4117041.01,0.115,0.0105,0.011,604186,0.9996058405849279
478,10411584100.0,4117669.92,0.111,0.0105,0.0106,605411,0.9996045107180184
479,10397953600.0,4118241.16,0.11,0.0104,0.0105,606619,0.999603937340132
480,10361050900.0,4122072.95,0.106,0.0103,0.0101,607873,0.9996021568671185
481,10342199700.0,4124028.55,0.104,0.0102,0.00988,609106,0.9996012426108926
482,10320579400.0,4125308.34,0.102,0.0101,0.00967,610315,0.9996002832612285
483,10309491300.0,4125978.17,0.101,0.0101,0.00956,611515,0.9995997883843212
484,10271505100.0,4129182.1,0.0968,0.00989,0.00917,612792,0.9995979963929531
485,10245740100.0,4132321.37,0.0944,0.00971,0.0089,614065,0.9995966790754334
486,10193386200.0,4134368.17,0.0896,0.00959,0.00844,615289,0.9995944067958497
487,10157780100.0,4136691.51,0.0865,0.00944,0.00814,616529,0.9995927563434849
488,10133990300.0,4137568.47,0.0845,0.00938,0.00795,617753,0.9995917137921476
489,10121766900.0,4138201.12,0.0834,0.00934,0.00785,618976,0.9995911582275224
490,10098207800.0,4139584.65,0.0815,0.00924,0.00766,620186,0.9995900673929488
491,10066382400.0,4141621.25,0.079,0.00909,0.00741,621450,0.9995885690523738
492,10030081500.0,4144941.68,0.0762,0.00883,0.0071,622714,0.9995867489531366
493,10016193200.0,4145560.33,0.0752,0.00878,0.007,623913,0.9995861141805851
494,9961257990.0,4146775.33,0.0711,0.00867,0.00663,625161,0.9995837096746051
495,9907255740.0,4148201.43,0.0674,0.00855,0.00628,626384,0.9995812966235188
496,9839135960.0,4149135.63,0.0651,0.00837,0.00607,627621,0.9995783028462187
497,9737887280.0,4150148.96,0.0619,0.0082,0.00578,628880,0.9995738142329371
498,9669918290.0,4151914.5,0.0599,0.0079,0.00557,630131,0.9995706360306794
499,9631528290.0,4152842.63,0.0587,0.00774,0.00546,631363,0.999568828278861
500,9522185890.0,4153388.01,0.0556,0.00763,0.00518,632605,0.9995638198982901
501,9481312080.0,4156702.5,0.0545,0.00703,0.00503,633888,0.9995615899503226
502,9382174180.0,4157733.47,0.0518,0.00682,0.00479,635123,0.999556847550447
503,9272238850.0,4159432.33,0.0491,0.0065,0.00453,636377,0.999551410139742
504,9167532180.0,4161329.34,0.0466,0.00612,0.00428,637660,0.9995460796582664
505,9114733140.0,4161787.43,0.0454,0.00603,0.00417,638889,0.9995433999694696
506,9057252820.0,4163039.55,0.0441,0.00577,0.00404,640137,0.9995403639897512
507,9016151890.0,4163472.27,0.0432,0.00568,0.00396,641357,0.9995382207042653
508,8988551300.0,4163942.59,0.0426,0.00558,0.0039,642582,0.9995367504227294
509,8975953900.0,4164429.92,0.0423,0.00546,0.00388,643802,0.9995360459772414
510,8853396650.0,4165744.02,0.0398,0.00519,0.00363,645093,0.9995294750495562
511,8819741480.0,4166601.05,0.0392,0.005,0.00357,646321,0.9995275824059642
512,8670628430.0,4168235.95,0.0363,0.00466,0.00329,647635,0.9995192694527678
513,8601368390.0,4168863.35,0.0351,0.00451,0.00318,648854,0.9995153255667032
514,8554957180.0,4169685.11,0.0343,0.00432,0.0031,650089,0.9995126001191744
515,8457462170.0,4170641.79,0.0326,0.00411,0.00295,651320,0.9995068684073108
516,8385212800.0,4171095.32,0.0315,0.00401,0.00284,652554,0.9995025653588661
517,8321422030.0,4171868.64,0.0305,0.00384,0.00275,653790,0.9994986591684738
518,8258383100.0,4172524.28,0.0296,0.00369,0.00266,655024,0.9994947528796527
519,8179386050.0,4173409.44,0.0284,0.00351,0.00255,656295,0.999489764951246
520,8110229740.0,4173737.4,0.0275,0.00343,0.00246,657523,0.9994853737151964
521,8026847450.0,4174658.45,0.0264,0.00324,0.00235,658813,0.999479913069732
522,7939301260.0,4175014.22,0.0252,0.00316,0.00226,660050,0.9994741332916746
523,7802262350.0,4175934.33,0.0235,0.00295,0.0021,661323,0.9994647790419403
524,7724089600.0,4176264.12,0.0226,0.00287,0.00202,662574,0.9994593195656353
525,7672052430.0,4176599.73,0.0221,0.00279,0.00197,663800,0.9994556085521955
526,7638423380.0,4176884.97,0.0217,0.00271,0.00193,665013,0.9994531744625551
527,7585807420.0,4177205.61,0.0211,0.00263,0.00188,666248,0.9994493393545707
528,7484572670.0,4177278.78,0.0201,0.00261,0.0018,667496,0.9994418814588115
529,7394037460.0,4177898.27,0.0192,0.00245,0.00171,668747,0.9994349638756089
530,7368128550.0,4178265.9,0.019,0.00236,0.00169,669978,0.9994329271168865
531,7310562890.0,4178987.14,0.0184,0.00218,0.00163,671236,0.9994283631502963
532,7246780760.0,4179153.66,0.0179,0.00214,0.00158,672456,0.9994233089424939
533,7179140040.0,4179683.9,0.0173,0.002,0.00152,673723,0.9994178015922922
534,7111127440.0,4179901.47,0.0167,0.00195,0.00147,674942,0.9994122027055108
535,7091834480.0,4180064.36,0.0165,0.00199,0.00146,676186,0.9994105806654416
536,6923528680.0,4180495.82,0.0152,0.00197,0.00134,677502,0.9993961900046611
537,6826261280.0,4180963.9,0.0145,0.00197,0.00127,678760,0.9993875177452921
538,6741241600.0,4181006.05,0.0139,0.00197,0.00122,679996,0.999379786944589
539,6623476070.0,4181446.98,0.0131,0.00195,0.00115,681239,0.9993686929739297
540,6572396170.0,4181671.11,0.0127,0.00183,0.00112,682470,0.9993637524272978
541,6548709290.0,4181741.24,0.0126,0.00181,0.00111,683688,0.9993614403915615
542,6439017010.0,4181900.31,0.0119,0.00181,0.00105,684962,0.9993505374650345
543,6417409510.0,4181966.33,0.0118,0.0018,0.00104,686181,0.9993483404287223
544,6375534730.0,4182414.66,0.0115,0.0017,0.00101,687438,0.9993439899809
545,6207580270.0,4182735.02,0.0106,0.00159,0.000926,688713,0.9993261891368179
546,6079442000.0,4182983.22,0.00993,0.0015,0.000867,689964,0.9993119461917722
547,6023276550.0,4183260.87,0.00966,0.00152,0.000841,691199,0.9993054841770465
548,5911539410.0,4183672.18,0.00913,0.00155,0.00079,692492,0.9992922871878477
549,5790613800.0,4183888.2,0.00859,0.00158,0.000743,693742,0.9992774706888586
550,5733499660.0,4184108.56,0.00835,0.00159,0.000721,694991,0.9992702347940838
551,5695579910.0,4184269.89,0.0082,0.00159,0.000706,696211,0.9992653478739445
552,5576938650.0,4184364.85,0.00772,0.00158,0.000666,697460,0.999249702191004
553,5497721990.0,4184581.97,0.00742,0.00151,0.000638,698702,0.9992388516593579
554,5450202960.0,4184748.99,0.00708,0.00151,0.000608,699938,0.9992321847423459
555,5382544280.0,4184870.75,0.00661,0.00146,0.000569,701199,0.999222510669248
556,5349335700.0,4185183.46,0.0064,0.00143,0.000546,702452,0.9992176255717135
557,5280364850.0,4185358.45,0.00597,0.00142,0.000509,703713,0.9992073732461878
558,5252190170.0,4185422.06,0.0058,0.00147,0.000495,704930,0.999203109193588
559,5179452740.0,4185700.92,0.00539,0.00168,0.000456,706286,0.9991918642508938
560,5095538830.0,4185851.35,0.00495,0.00172,0.000419,707532,0.9991785262580365
561,5024876950.0,4185921.24,0.00461,0.00169,0.000391,708788,0.9991669604486534
562,4966396830.0,4186055.22,0.00434,0.00162,0.000368,710017,0.9991571242968919
563,4920094420.0,4186184.0,0.00415,0.00153,0.00035,711271,0.9991491659219012
564,4858296150.0,4186261.43,0.0039,0.00148,0.00033,712515,0.9991383272446246
565,4833285200.0,4186324.32,0.0038,0.00144,0.000321,713728,0.9991338553081868
566,4772574850.0,4186442.07,0.00357,0.00136,0.000302,714982,0.999122812695122
567,4728428560.0,4186568.31,0.00342,0.00126,0.000288,716251,0.9991145962645145
568,4659309230.0,4186651.04,0.00319,0.00121,0.000268,717492,0.999101443833553
569,4596390060.0,4186711.02,0.00299,0.00116,0.000252,718721,0.9990891306078579
570,4509789320.0,4186773.21,0.00274,0.00114,0.000231,719975,0.9990716255432527
571,4452223960.0,4186827.22,0.00259,0.00112,0.000218,721204,0.9990596099258223
572,4408047180.0,4186882.02,0.00247,0.00111,0.000209,722425,0.9990501730473764
573,4355560650.0,4186945.46,0.00235,0.00109,0.000198,723656,0.9990387126258935
574,4281904430.0,4186984.33,0.00218,0.00108,0.000184,724902,0.9990221677296988
575,4266165970.0,4187024.95,0.00215,0.00106,0.000181,726118,0.9990185508535196
576,4214290030.0,4187103.29,0.00204,0.00103,0.000171,727387,0.9990064510842411
577,4174966070.0,4187139.25,0.00196,0.00101,0.000164,728640,0.9989970842445672
578,4133077170.0,4187177.16,0.00188,0.000989,0.000157,729862,0.9989869104815191
579,4092233260.0,4187193.65,0.0018,0.000977,0.000151,731100,0.9989767949713599
580,4042901400.0,4187226.91,0.00172,0.000952,0.000144,732346,0.998964301501392
581,3998541820.0,4187258.21,0.00164,0.000928,0.000138,733568,0.9989528036973239
582,3950930410.0,4187281.15,0.00157,0.00091,0.000131,734789,0.9989401784603946
583,3905586690.0,4187317.13,0.0015,0.000882,0.000125,736050,0.998927864758265
584,3871595890.0,4187350.8,0.00145,0.000856,0.000121,737264,0.9989184432159318
585,3840385250.0,4187400.99,0.0014,0.000819,0.000117,738556,0.998909640383084
586,3766716200.0,4187421.86,0.0013,0.000803,0.000109,739778,0.9988883097006352
587,3731535390.0,4187432.08,0.00126,0.000795,0.000105,741000,0.9988778259771509
588,3706713390.0,4187460.59,0.00123,0.000772,0.000102,742237,0.9988703036492389
589,3653969920.0,4187480.71,0.00116,0.000752,9.68e-05,743483,0.9988539914663556
590,3589732720.0,4187507.34,0.00109,0.000722,9.07e-05,744746,0.9988334765659098
591,3545820400.0,4187528.76,0.00104,0.000698,8.67e-05,745968,0.998819024009225
592,3488941260.0,4187547.59,0.000985,0.000678,8.2e-05,747214,0.9987997655225642
593,3448312090.0,4187562.29,0.000946,0.000665,7.87e-05,748452,0.9987856196943009
594,3418589660.0,4187577.57,0.000918,0.000651,7.63e-05,749682,0.9987750569718858
595,3326770850.0,4187605.5,0.000836,0.000625,6.95e-05,750927,0.9987412401728841
596,3287332960.0,4187612.44,0.000804,0.000617,6.69e-05,752142,0.9987261368133515
597,3276272500.0,4187622.56,0.000795,0.000607,6.61e-05,753356,0.998721833254102
598,3251026810.0,4187633.62,0.000776,0.000595,6.44e-05,754617,0.9987119043106262
599,3157620320.0,4187648.96,0.000705,0.000576,5.86e-05,755871,0.9986737959173001
600,3116964890.0,4187670.44,0.000677,0.000552,5.61e-05,757092,0.9986564909815201
601,3106669550.0,4187672.93,0.00067,0.000549,5.55e-05,758298,0.9986520378615743
602,3096447660.0,4187683.77,0.000663,0.000535,5.49e-05,759503,0.9986475845130223
603,3047793220.0,4187695.67,0.000632,0.000521,5.23e-05,760725,0.9986259908833316
604,2991939910.0,4187710.63,0.000597,0.000505,4.95e-05,761954,0.9986003359840204
605,2948436880.0,4187719.54,0.000572,0.000495,4.74e-05,763168,0.9985796814683718
606,2884021380.0,4187730.46,0.000536,0.000481,4.45e-05,764390,0.9985479544329869
607,2844287680.0,4187742.71,0.000515,0.000468,4.27e-05,765613,0.9985276655594838
608,2798022600.0,4187746.81,0.000492,0.000463,4.09e-05,766827,0.9985033191618967
609,2757364930.0,4187759.36,0.000472,0.000447,3.91e-05,768065,0.9984812458755685
610,2703715720.0,4187771.46,0.000447,0.000433,3.7e-05,769279,0.9984511051110062
611,2655268060.0,4187780.57,0.000426,0.000421,3.53e-05,770518,0.9984228407545414
612,2557828610.0,4187797.54,0.000386,0.000399,3.18e-05,771826,0.9983627528742045
613,2476488760.0,4187817.42,0.000355,0.000371,2.92e-05,773055,0.9983089697447284
614,2387217380.0,4187828.86,0.000324,0.000352,2.66e-05,774316,0.99824572789429
615,2298937880.0,4187836.79,0.000296,0.000337,2.43e-05,775593,0.9981783601782228
616,2220103550.0,4187848.22,0.000273,0.000315,2.24e-05,776822,0.9981136698691375
617,2112404860.0,4187859.48,0.000245,0.000294,2e-05,778083,0.9980174920256527
618,2037880100.0,4187869.1,0.000227,0.000274,1.85e-05,779321,0.9979449874896958
619,1983535080.0,4187871.7,0.000215,0.000269,1.76e-05,780535,0.9978886828157332
620,1854385900.0,4187883.52,0.000188,0.000246,1.52e-05,781820,0.9977416332166892
621,1759577280.0,4187889.74,0.00017,0.000233,1.38e-05,783064,0.997619945547376
622,1689225660.0,4187895.94,0.000159,0.000219,1.29e-05,784302,0.9975208191308199
623,1662109900.0,4187896.27,0.000154,0.000218,1.25e-05,785517,0.997480373427774
624,1642672210.0,4187899.68,0.000151,0.000212,1.23e-05,786731,0.9974505566877521
625,1625870880.0,4187901.53,0.000149,0.000208,1.21e-05,787969,0.9974242102607804
626,1545334690.0,4187902.42,0.000137,0.000206,1.12e-05,789207,0.9972899706147151
627,1427383180.0,4187909.28,0.000121,0.000194,9.85e-06,790453,0.9970660230982966
628,1402983760.0,4187911.56,0.000119,0.000189,9.61e-06,791674,0.9970149964102222
629,1345740310.0,4187915.98,0.000112,0.00018,9.05e-06,792911,0.9968880207058671
630,1266518340.0,4187920.12,0.000103,0.000172,8.34e-06,794125,0.9966933600661481
631,1209986390.0,4187924.9,9.75e-05,0.000162,7.85e-06,795361,0.9965388661107171
632,1121086300.0,4187926.58,8.9e-05,0.000158,7.19e-06,796615,0.9962644030348066
633,1062852680.0,4187929.28,8.4e-05,0.000152,6.75e-06,797838,0.9960597274120813
634,1162117470.0,4187931.73,8.2e-05,0.000146,0.0631,799089,0.9963962922526239
635,1161559470.0,4187930.85,8.2e-05,0.000146,0.0632,800346,0.9963945618298821
636,1161450490.0,4187929.69,8.2e-05,0.000146,0.0632,801588,0.9963942245269534
637,1161339070.0,4187928.51,8.2e-05,0.000146,0.0632,802824,0.9963938796014157
638,1161226930.0,4187927.3,8.2e-05,0.000146,0.0633,804083,0.9963935323993908
639,1161116300.0,4187926.33,8.2e-05,0.000146,0.0632,805318,0.996393189614167
640,1160994590.0,4187925.33,8.2e-05,0.000146,0.0632,806558,0.9963928123644401
641,1160892480.0,4187923.88,8.2e-05,0.000146,0.0633,807817,0.9963924963317876
642,1160785820.0,4187922.31,8.2e-05,0.000146,0.0633,809099,0.9963921662051317
643,1160621390.0,4187921.09,8.2e-05,0.000146,0.0633,810380,0.9963916561196585
644,1160429540.0,4187920.03,8.2e-05,0.000146,0.0632,811662,0.9963910604774849
645,1160288050.0,4187918.54,8.2e-05,0.000146,0.0633,812944,0.9963906216736439
646,1160163380.0,4187916.97,8.19e-05,0.000146,0.0633,814227,0.9963902351667056
647,1160009370.0,4187915.7,8.19e-05,0.000146,0.0633,815509,0.9963897570068766
648,1159805010.0,4187914.26,8.19e-05,0.000146,0.0633,816792,0.9963891221163116
649,1159586110.0,4187911.76,8.19e-05,0.000146,0.0633,818073,0.9963884426314834
650,1159395490.0,4187909.52,8.19e-05,0.000146,0.0633,819355,0.9963878507755797
651,1159168120.0,4187907.79,8.19e-05,0.000146,0.0633,820637,0.9963871437475351
652,1158912090.0,4187905.87,8.19e-05,0.000146,0.0633,821918,0.9963863472422659
653,1158678720.0,4187903.54,8.19e-05,0.000146,0.0633,823201,0.9963856214257565
654,1158432590.0,4187901.62,8.19e-05,0.000146,0.0633,824483,0.9963848551429307
